[
	{
		"model":"ovc_main.SetUpList",
		"pk":1,
		"fields":{
			"item_id":"TNRS",
			"item_description":"Residential institution with children",
			"item_description_short":"Residential institution",
			"item_category":"Organisational unit type",
			"field_name":"org_unit_type_id",
			"the_order":1,
			"user_configurable":"False",
			"sms_keyword":"True",
			"is_void":"False"
		}
		
	},
	{
		"model":"ovc_main.SetUpList",
		"pk":2,
		"fields":{
			"item_id":"TNCB",
			"item_description":"Community based organisation including community level faith based organisations",
			"item_description_short":"CBO",
			"item_category":"Organisational unit type",
			"field_name":"org_unit_type_id",
			"the_order":2,
			"user_configurable":"False",
			"sms_keyword":"True",
			"is_void":"False"
		}
		
	},
	{
		"model":"ovc_main.SetUpList",
		"pk":3,
		"fields":{
			"item_id":"TNCW",
			"item_description":"CWAC",
			"item_description_short":"CWAC",
			"item_category":"Organisational unit type",
			"field_name":"org_unit_type_id",
			"the_order":3,
			"user_configurable":"False",
			"sms_keyword":"True",
			"is_void":"False"
		}
		
	},
	{
		"model":"ovc_main.SetUpList",
		"pk":4,
		"fields":{
			"item_id":"TNCM",
			"item_description":"community level committee (excluding CWACs)",
			"item_description_short":"Committee - community",
			"item_category":"Organisational unit type",
			"field_name":"org_unit_type_id",
			"the_order":4,
			"user_configurable":"False",
			"sms_keyword":"True",
			"is_void":"False"
		}
		
	},
	{
		"model":"ovc_main.SetUpList",
		"pk":5,
		"fields":{
			"item_id":"TNGS",
			"item_description":"sub-district unit of Government institution",
			"item_description_short":"Government - sub-district",
			"item_category":"Organisational unit type",
			"field_name":"org_unit_type_id",
			"the_order":5,
			"user_configurable":"False",
			"sms_keyword":"True",
			"is_void":"False"
		}
		
	},
	{
		"model":"ovc_main.SetUpList",
		"pk":6,
		"fields":{
			"item_id":"TNND",
			"item_description":"NGO/private unit covering one district or part of one district",
			"item_description_short":"NGO/private - low level",
			"item_category":"Organisational unit type",
			"field_name":"org_unit_type_id",
			"the_order":6,
			"user_configurable":"False",
			"sms_keyword":"True",
			"is_void":"False"
		}
		
	},
	{
		"model":"ovc_main.SetUpList",
		"pk":7,
		"fields":{
			"item_id":"TNCD",
			"item_description":"district level committee",
			"item_description_short":"Committee - district",
			"item_category":"Organisational unit type",
			"field_name":"org_unit_type_id",
			"the_order":7,
			"user_configurable":"False",
			"sms_keyword":"True",
			"is_void":"False"
		}
		
	},
	{
		"model":"ovc_main.SetUpList",
		"pk":8,
		"fields":{
			"item_id":"TNGD",
			"item_description":"district office of Government institution",
			"item_description_short":"Government - district",
			"item_category":"Organisational unit type",
			"field_name":"org_unit_type_id",
			"the_order":8,
			"user_configurable":"False",
			"sms_keyword":"True",
			"is_void":"False"
		}
		
	},
	{
		"model":"ovc_main.SetUpList",
		"pk":9,
		"fields":{
			"item_id":"TNNM",
			"item_description":"NGO/private unit not HQ but covering multiple districts",
			"item_description_short":"NGO/private - mid level",
			"item_category":"Organisational unit type",
			"field_name":"org_unit_type_id",
			"the_order":9,
			"user_configurable":"False",
			"sms_keyword":"True",
			"is_void":"False"
		}
		
	},
	{
		"model":"ovc_main.SetUpList",
		"pk":10,
		"fields":{
			"item_id":"TNCP",
			"item_description":"provincial level committee",
			"item_description_short":"Committee - province",
			"item_category":"Organisational unit type",
			"field_name":"org_unit_type_id",
			"the_order":10,
			"user_configurable":"False",
			"sms_keyword":"True",
			"is_void":"False"
		}
		
	},
	{
		"model":"ovc_main.SetUpList",
		"pk":11,
		"fields":{
			"item_id":"TNGP",
			"item_description":"provincial office of Government institution",
			"item_description_short":"Government - province",
			"item_category":"Organisational unit type",
			"field_name":"org_unit_type_id",
			"the_order":11,
			"user_configurable":"False",
			"sms_keyword":"True",
			"is_void":"False"
		}
		
	},
	{
		"model":"ovc_main.SetUpList",
		"pk":12,
		"fields":{
			"item_id":"TNNH",
			"item_description":"NGO/private national HQ unit",
			"item_description_short":"NGO/private - national",
			"item_category":"Organisational unit type",
			"field_name":"org_unit_type_id",
			"the_order":12,
			"user_configurable":"False",
			"sms_keyword":"True",
			"is_void":"False"
		}
		
	},
	{
		"model":"ovc_main.SetUpList",
		"pk":13,
		"fields":{
			"item_id":"TNGN",
			"item_description":"national level Government institution",
			"item_description_short":"Government - national",
			"item_category":"Organisational unit type",
			"field_name":"org_unit_type_id",
			"the_order":13,
			"user_configurable":"False",
			"sms_keyword":"True",
			"is_void":"False"
		}
		
	},
	{
		"model":"ovc_main.SetUpList",
		"pk":14,
		"fields":{
			"item_id":"INGO",
			"item_description":"NGO registration number",
			"item_category":"Organisational unit ID - external",
			"field_name":"identifier_type_id",
			"the_order":1,
			"user_configurable":"False",
			"sms_keyword":"True",
			"is_void":"False"
		}
		
	},
	{
		"model":"ovc_main.SetUpList",
		"pk":15,
		"fields":{
			"item_id":"ICOM",
			"item_description":"Company registration number",
			"item_category":"Organisational unit ID - external",
			"field_name":"identifier_type_id",
			"the_order":2,
			"user_configurable":"False",
			"sms_keyword":"False",
			"is_void":"False"
		}
		
	},
	{
		"model":"ovc_main.SetUpList",
		"pk":16,
		"fields":{
			"item_id":"ITRU",
			"item_description":"Trust registration number",
			"item_category":"Organisational unit ID - external",
			"field_name":"identifier_type_id",
			"the_order":3,
			"user_configurable":"True",
			"sms_keyword":"False",
			"is_void":"False"
		}
		
	},
	{
		"model":"ovc_main.SetUpList",
		"pk":17,
		"fields":{
			"item_id":"CPHL",
			"item_description":"Phone number - landline",
			"item_category":"Contact detail",
			"field_name":"contact_detail_type_id",
			"the_order":1,
			"user_configurable":"False",
			"sms_keyword":"False",
			"is_void":"False"
		}
		
	},
	{
		"model":"ovc_main.SetUpList",
		"pk":18,
		"fields":{
			"item_id":"CPHM",
			"item_description":"Phone number - mobile",
			"item_category":"Contact detail",
			"field_name":"contact_detail_type_id",
			"the_order":2,
			"user_configurable":"False",
			"sms_keyword":"True",
			"is_void":"False"
		}
		
	},
	{
		"model":"ovc_main.SetUpList",
		"pk":19,
		"fields":{
			"item_id":"CEMA",
			"item_description":"Email address",
			"item_category":"Contact detail",
			"field_name":"contact_detail_type_id",
			"the_order":3,
			"user_configurable":"False",
			"sms_keyword":"True",
			"is_void":"False"
		}
		
	},
	{
		"model":"ovc_main.SetUpList",
		"pk":20,
		"fields":{
			"item_id":"CPOA",
			"item_description":"Postal address",
			"item_category":"Contact detail",
			"field_name":"contact_detail_type_id",
			"the_order":4,
			"user_configurable":"False",
			"sms_keyword":"False",
			"is_void":"False"
		}
		
	},
	{
		"model":"ovc_main.SetUpList",
		"pk":21,
		"fields":{
			"item_id":"CPHA",
			"item_description":"Physical address",
			"item_category":"Contact detail",
			"field_name":"contact_detail_type_id",
			"the_order":5,
			"user_configurable":"False",
			"sms_keyword":"False",
			"is_void":"False"
		}
		
	},
	{
		"model":"ovc_main.SetUpList",
		"pk":22,
		"fields":{
			"item_id":"GDIS",
			"item_description":"District",
			"item_category":"Geographical area",
			"field_name":"area_type_id",
			"the_order":2,
			"user_configurable":"False",
			"sms_keyword":"False",
			"is_void":"False"
		}
		
	},
	{
		"model":"ovc_main.SetUpList",
		"pk":23,
		"fields":{
			"item_id":"GWRD",
			"item_description":"Ward",
			"item_category":"Geographical area",
			"field_name":"area_type_id",
			"the_order":4,
			"user_configurable":"False",
			"sms_keyword":"False",
			"is_void":"False"
		}
		
	},
	{
		"model":"ovc_main.SetUpList",
		"pk":24,
		"fields":{
			"item_id":"SMAL",
			"item_description":"Male",
			"item_category":"Sex",
			"field_name":"sex_id",
			"the_order":1,
			"user_configurable":"False",
			"sms_keyword":"True",
			"is_void":"False"
		}
		
	},
	{
		"model":"ovc_main.SetUpList",
		"pk":25,
		"fields":{
			"item_id":"SFEM",
			"item_description":"Female",
			"item_category":"Sex",
			"field_name":"sex_id",
			"the_order":2,
			"user_configurable":"False",
			"sms_keyword":"True",
			"is_void":"False"
		}
		
	},
	{
		"model":"ovc_main.SetUpList",
		"pk":26,
		"fields":{
			"item_id":"TWNE",
			"item_description":"NGO employee",
			"item_category":"Person type (user/workforce member)",
			"field_name":"person_type_id",
			"user_configurable":"False",
			"sms_keyword":"True",
			"is_void":"False"
		}
		
	},
	{
		"model":"ovc_main.SetUpList",
		"pk":27,
		"fields":{
			"item_id":"TWGE",
			"item_description":"Government employee",
			"item_category":"Person type (user/workforce member)",
			"field_name":"person_type_id",
			"user_configurable":"False",
			"sms_keyword":"True",
			"is_void":"False"
		}
		
	},
	{
		"model":"ovc_main.SetUpList",
		"pk":28,
		"fields":{
			"item_id":"GENY",
			"item_description":"Yes",
			"item_category":"General YesNo",
			"field_name":"",
			"the_order":1,
			"user_configurable":"False",
			"sms_keyword":"False",
			"is_void":"False"
		}
		
	},
	{
		"model":"ovc_main.SetUpList",
		"pk":29,
		"fields":{
			"item_id":"GENN",
			"item_description":"No",
			"item_category":"General YesNo",
			"field_name":"",
			"the_order":2,
			"user_configurable":"False",
			"sms_keyword":"False",
			"is_void":"False"
		}
		
	},
	{
		"model":"ovc_main.SetUpList",
		"pk":30,
		"fields":{
			"item_id":"TWVL",
			"item_description":"Volunteer",
			"item_category":"Person type (user/workforce member)",
			"field_name":"person_type_id",
			"user_configurable":"False",
			"sms_keyword":"True",
			"is_void":"False"
		}
		
	},
	{
		"model":"ovc_main.SetUpList",
		"pk":31,
		"fields":{
			"item_id":"PHVP",
			"item_description":"is HIV positive",
			"item_category":"Adverse condition",
			"field_name":"adverse_condition_id",
			"the_order":1,
			"user_configurable":"False",
			"sms_keyword":"True",
			"is_void":"False"
		}
		
	},
	{
		"model":"ovc_main.SetUpList",
		"pk":32,
		"fields":{
			"item_id":"PILL",
			"item_description":"is chronically ill",
			"item_category":"Adverse condition",
			"field_name":"adverse_condition_id",
			"the_order":2,
			"user_configurable":"False",
			"sms_keyword":"True",
			"is_void":"False"
		}
		
	},
	{
		"model":"ovc_main.SetUpList",
		"pk":33,
		"fields":{
			"item_id":"PCIL",
			"item_description":"primary caregiver is chronically ill",
			"item_category":"Adverse condition",
			"field_name":"adverse_condition_id",
			"the_order":3,
			"user_configurable":"False",
			"sms_keyword":"True",
			"is_void":"False"
		}
		
	},
	{
		"model":"ovc_main.SetUpList",
		"pk":34,
		"fields":{
			"item_id":"PCDS",
			"item_description":"primary caregiver is disabled",
			"item_category":"Adverse condition",
			"field_name":"adverse_condition_id",
			"the_order":4,
			"user_configurable":"False",
			"sms_keyword":"True",
			"is_void":"False"
		}
		
	},
	{
		"model":"ovc_main.SetUpList",
		"pk":35,
		"fields":{
			"item_id":"PCOL",
			"item_description":"primary caregiver is more than 60 years old",
			"item_category":"Adverse condition",
			"field_name":"adverse_condition_id",
			"the_order":5,
			"user_configurable":"False",
			"sms_keyword":"True",
			"is_void":"False"
		}
		
	},
	{
		"model":"ovc_main.SetUpList",
		"pk":36,
		"fields":{
			"item_id":"PCCH",
			"item_description":"living in child-headed household (no adult caregiver)",
			"item_category":"Adverse condition",
			"field_name":"adverse_condition_id",
			"the_order":6,
			"user_configurable":"False",
			"sms_keyword":"True",
			"is_void":"False"
		}
		
	},
	{
		"model":"ovc_main.SetUpList",
		"pk":37,
		"fields":{
			"item_id":"PPOR",
			"item_description":"living in poor household",
			"item_category":"Adverse condition",
			"field_name":"adverse_condition_id",
			"the_order":7,
			"user_configurable":"False",
			"sms_keyword":"True",
			"is_void":"False"
		}
		
	},
	{
		"model":"ovc_main.SetUpList",
		"pk":38,
		"fields":{
			"item_id":"PORM",
			"item_description":"is orphan - mother has died",
			"item_category":"Adverse condition",
			"field_name":"adverse_condition_id",
			"the_order":8,
			"user_configurable":"False",
			"sms_keyword":"True",
			"is_void":"False"
		}
		
	},
	{
		"model":"ovc_main.SetUpList",
		"pk":39,
		"fields":{
			"item_id":"PORF",
			"item_description":"is orphan - father has died",
			"item_category":"Adverse condition",
			"field_name":"adverse_condition_id",
			"the_order":9,
			"user_configurable":"False",
			"sms_keyword":"True",
			"is_void":"False"
		}
		
	},
	{
		"model":"ovc_main.SetUpList",
		"pk":40,
		"fields":{
			"item_id":"PLRI",
			"item_description":"living in residential institution without family care",
			"item_category":"Adverse condition",
			"field_name":"adverse_condition_id",
			"the_order":10,
			"user_configurable":"False",
			"sms_keyword":"True",
			"is_void":"False"
		}
		
	},
	{
		"model":"ovc_main.SetUpList",
		"pk":41,
		"fields":{
			"item_id":"PLCI",
			"item_description":"living in correctional institution",
			"item_category":"Adverse condition",
			"field_name":"adverse_condition_id",
			"the_order":11,
			"user_configurable":"False",
			"sms_keyword":"True",
			"is_void":"False"
		}
		
	},
	{
		"model":"ovc_main.SetUpList",
		"pk":42,
		"fields":{
			"item_id":"PLST",
			"item_description":"living on street or in public place",
			"item_category":"Adverse condition",
			"field_name":"adverse_condition_id",
			"the_order":12,
			"user_configurable":"False",
			"sms_keyword":"True",
			"is_void":"False"
		}
		
	},
	{
		"model":"ovc_main.SetUpList",
		"pk":43,
		"fields":{
			"item_id":"PDSV",
			"item_description":"has a visual disability",
			"item_category":"Adverse condition",
			"field_name":"adverse_condition_id",
			"the_order":13,
			"user_configurable":"False",
			"sms_keyword":"True",
			"is_void":"False"
		}
		
	},
	{
		"model":"ovc_main.SetUpList",
		"pk":44,
		"fields":{
			"item_id":"PDSM",
			"item_description":"has a mental or learning disability",
			"item_category":"Adverse condition",
			"field_name":"adverse_condition_id",
			"the_order":13,
			"user_configurable":"False",
			"sms_keyword":"True",
			"is_void":"False"
		}
		
	},
	{
		"model":"ovc_main.SetUpList",
		"pk":45,
		"fields":{
			"item_id":"PDSH",
			"item_description":"has a hearing disability",
			"item_category":"Adverse condition",
			"field_name":"adverse_condition_id",
			"the_order":13,
			"user_configurable":"False",
			"sms_keyword":"True",
			"is_void":"False"
		}
		
	},
	{
		"model":"ovc_main.SetUpList",
		"pk":46,
		"fields":{
			"item_id":"PDSA",
			"item_description":"has an albinism disability",
			"item_category":"Adverse condition",
			"field_name":"adverse_condition_id",
			"the_order":13,
			"user_configurable":"False",
			"sms_keyword":"True",
			"is_void":"False"
		}
		
	},
	{
		"model":"ovc_main.SetUpList",
		"pk":47,
		"fields":{
			"item_id":"PDSP",
			"item_description":"has a physical disability",
			"item_category":"Adverse condition",
			"field_name":"adverse_condition_id",
			"the_order":13,
			"user_configurable":"False",
			"sms_keyword":"True",
			"is_void":"False"
		}
		
	},
	{
		"model":"ovc_main.SetUpList",
		"pk":48,
		"fields":{
			"item_id":"POSC",
			"item_description":"is of school age but not in school",
			"item_category":"Adverse condition",
			"field_name":"adverse_condition_id",
			"the_order":14,
			"user_configurable":"False",
			"sms_keyword":"True",
			"is_void":"False"
		}
		
	},
	{
		"model":"ovc_main.SetUpList",
		"pk":49,
		"fields":{
			"item_id":"PSTG",
			"item_description":"is marginalised, stigmatised or discriminated against",
			"item_category":"Adverse condition",
			"field_name":"adverse_condition_id",
			"the_order":15,
			"user_configurable":"False",
			"sms_keyword":"True",
			"is_void":"False"
		}
		
	},
	{
		"model":"ovc_main.SetUpList",
		"pk":50,
		"fields":{
			"item_id":"PCLB",
			"item_description":"is involved in child labour as defined by Child Labour Policy",
			"item_category":"Adverse condition",
			"field_name":"adverse_condition_id",
			"the_order":16,
			"user_configurable":"False",
			"sms_keyword":"True",
			"is_void":"False"
		}
		
	},
	{
		"model":"ovc_main.SetUpList",
		"pk":51,
		"fields":{
			"item_id":"PREN",
			"item_description":"is exposed to risky environment such as sex work, sale of drugs/illicit beer",
			"item_category":"Adverse condition",
			"field_name":"adverse_condition_id",
			"the_order":17,
			"user_configurable":"False",
			"sms_keyword":"True",
			"is_void":"False"
		}
		
	},
	{
		"model":"ovc_main.SetUpList",
		"pk":52,
		"fields":{
			"item_id":"PSBA",
			"item_description":"engages in alcohol abuse or substance abuse",
			"item_category":"Adverse condition",
			"field_name":"adverse_condition_id",
			"the_order":18,
			"user_configurable":"False",
			"sms_keyword":"True",
			"is_void":"False"
		}
		
	},
	{
		"model":"ovc_main.SetUpList",
		"pk":53,
		"fields":{
			"item_id":"PCSB",
			"item_description":"caregiver engages in alcohol abuse or substance abuse",
			"item_category":"Adverse condition",
			"field_name":"adverse_condition_id",
			"the_order":19,
			"user_configurable":"False",
			"sms_keyword":"True",
			"is_void":"False"
		}
		
	},
	{
		"model":"ovc_main.SetUpList",
		"pk":54,
		"fields":{
			"item_id":"PCCL",
			"item_description":"is a child in conflict with the law",
			"item_category":"Adverse condition",
			"field_name":"adverse_condition_id",
			"the_order":20,
			"user_configurable":"False",
			"sms_keyword":"True",
			"is_void":"False"
		}
		
	},
	{
		"model":"ovc_main.SetUpList",
		"pk":55,
		"fields":{
			"item_id":"PCPR",
			"item_description":"parent(s) in prison",
			"item_category":"Adverse condition",
			"field_name":"adverse_condition_id",
			"the_order":21,
			"user_configurable":"False",
			"sms_keyword":"True",
			"is_void":"False"
		}
		
	},
	{
		"model":"ovc_main.SetUpList",
		"pk":56,
		"fields":{
			"item_id":"PLCP",
			"item_description":"living with parent in prison",
			"item_category":"Adverse condition",
			"field_name":"adverse_condition_id",
			"the_order":22,
			"user_configurable":"False",
			"sms_keyword":"True",
			"is_void":"False"
		}
		
	},
	{
		"model":"ovc_main.SetUpList",
		"pk":57,
		"fields":{
			"item_id":"PPRG",
			"item_description":"is pregnant",
			"item_category":"Adverse condition",
			"field_name":"adverse_condition_id",
			"the_order":23,
			"user_configurable":"False",
			"sms_keyword":"True",
			"is_void":"False"
		}
		
	},
	{
		"model":"ovc_main.SetUpList",
		"pk":58,
		"fields":{
			"item_id":"PGVB",
			"item_description":"is a child who has given birth",
			"item_category":"Adverse condition",
			"field_name":"adverse_condition_id",
			"the_order":24,
			"user_configurable":"False",
			"sms_keyword":"True",
			"is_void":"False"
		}
		
	},
	{
		"model":"ovc_main.SetUpList",
		"pk":59,
		"fields":{
			"item_id":"PPCH",
			"item_description":"is a child whose parent(s) are children",
			"item_category":"Adverse condition",
			"field_name":"adverse_condition_id",
			"the_order":25,
			"user_configurable":"False",
			"sms_keyword":"True",
			"is_void":"False"
		}
		
	},
	{
		"model":"ovc_main.SetUpList",
		"pk":60,
		"fields":{
			"item_id":"PMAR",
			"item_description":"is a child who has been married early",
			"item_category":"Adverse condition",
			"field_name":"adverse_condition_id",
			"the_order":26,
			"user_configurable":"False",
			"sms_keyword":"True",
			"is_void":"False"
		}
		
	},
	{
		"model":"ovc_main.SetUpList",
		"pk":61,
		"fields":{
			"item_id":"PTRF",
			"item_description":"is a child who is trafficked to/from other places",
			"item_category":"Adverse condition",
			"field_name":"adverse_condition_id",
			"the_order":27,
			"user_configurable":"False",
			"sms_keyword":"True",
			"is_void":"False"
		}
		
	},
	{
		"model":"ovc_main.SetUpList",
		"pk":62,
		"fields":{
			"item_id":"PASA",
			"item_description":"has been sexually abused",
			"item_category":"Adverse condition",
			"field_name":"adverse_condition_id",
			"the_order":28,
			"user_configurable":"False",
			"sms_keyword":"True",
			"is_void":"False"
		}
		
	},
	{
		"model":"ovc_main.SetUpList",
		"pk":63,
		"fields":{
			"item_id":"PASE",
			"item_description":"has been sexually exploited",
			"item_category":"Adverse condition",
			"field_name":"adverse_condition_id",
			"the_order":29,
			"user_configurable":"False",
			"sms_keyword":"True",
			"is_void":"False"
		}
		
	},
	{
		"model":"ovc_main.SetUpList",
		"pk":64,
		"fields":{
			"item_id":"PAEM",
			"item_description":"has been emotionally abused",
			"item_category":"Adverse condition",
			"field_name":"adverse_condition_id",
			"the_order":30,
			"user_configurable":"False",
			"sms_keyword":"True",
			"is_void":"False"
		}
		
	},
	{
		"model":"ovc_main.SetUpList",
		"pk":65,
		"fields":{
			"item_id":"PAPH",
			"item_description":"has been physically abused",
			"item_category":"Adverse condition",
			"field_name":"adverse_condition_id",
			"the_order":31,
			"user_configurable":"False",
			"sms_keyword":"True",
			"is_void":"False"
		}
		
	},
	{
		"model":"ovc_main.SetUpList",
		"pk":66,
		"fields":{
			"item_id":"PANG",
			"item_description":"has been abused through neglect",
			"item_category":"Adverse condition",
			"field_name":"adverse_condition_id",
			"the_order":32,
			"user_configurable":"False",
			"sms_keyword":"True",
			"is_void":"False"
		}
		
	},
	{
		"model":"ovc_main.SetUpList",
		"pk":67,
		"fields":{
			"item_id":"PTRN",
			"item_description":"has experienced trauma from involvement in natural disaster",
			"item_category":"Adverse condition",
			"field_name":"adverse_condition_id",
			"the_order":33,
			"user_configurable":"False",
			"sms_keyword":"True",
			"is_void":"False"
		}
		
	},
	{
		"model":"ovc_main.SetUpList",
		"pk":68,
		"fields":{
			"item_id":"PTRV",
			"item_description":"has experienced trauma from involvement in war, riots or violence",
			"item_category":"Adverse condition",
			"field_name":"adverse_condition_id",
			"the_order":34,
			"user_configurable":"False",
			"sms_keyword":"True",
			"is_void":"False"
		}
		
	},
	{
		"model":"ovc_main.SetUpList",
		"pk":69,
		"fields":{
			"item_id":"ISCG",
			"item_description":"Caregiver ID in STEPS OVC program",
			"item_category":"Person ID type - external",
			"field_name":"identifier_type_id",
			"user_configurable":"False",
			"sms_keyword":"True",
			"is_void":"False"
		}
		
	},
	{
		"model":"ovc_main.SetUpList",
		"pk":70,
		"fields":{
			"item_id":"IMAN",
			"item_description":"Government employee MAN number",
			"item_category":"Person ID type - external",
			"field_name":"identifier_type_id",
			"user_configurable":"False",
			"sms_keyword":"True",
			"is_void":"False"
		}
		
	},
	{
		"model":"ovc_main.SetUpList",
		"pk":71,
		"fields":{
			"item_id":"IPCS",
			"item_description":"Police call sign number",
			"item_category":"Person ID type - external",
			"field_name":"identifier_type_id",
			"user_configurable":"False",
			"sms_keyword":"True",
			"is_void":"False"
		}
		
	},
	{
		"model":"ovc_main.SetUpList",
		"pk":72,
		"fields":{
			"item_id":"IDTS",
			"item_description":"Teaching service ID number",
			"item_category":"Person ID type - external",
			"field_name":"identifier_type_id",
			"user_configurable":"False",
			"sms_keyword":"True",
			"is_void":"False"
		}
		
	},
	{
		"model":"ovc_main.SetUpList",
		"pk":73,
		"fields":{
			"item_id":"CPHD",
			"item_description":"Phone number - designated mobile",
			"item_category":"Contact detail",
			"field_name":"contact_detail_type_id",
			"the_order":6,
			"user_configurable":"False",
			"sms_keyword":"False",
			"is_void":"False"
		}
		
	},
	{
		"model":"ovc_main.SetUpList",
		"pk":74,
		"fields":{
			"item_id":"TBVC",
			"item_description":"OVC",
			"item_category":"Person type (beneficiary)",
			"field_name":"person_type_id",
			"user_configurable":"False",
			"sms_keyword":"True",
			"is_void":"False"
		}
		
	},
	{
		"model":"ovc_main.SetUpList",
		"pk":75,
		"fields":{
			"item_id":"TBGR",
			"item_description":"OVC guardian",
			"item_category":"Person type (beneficiary)",
			"field_name":"person_type_id",
			"user_configurable":"False",
			"sms_keyword":"True",
			"is_void":"False"
		}
		
	},
	{
		"model":"ovc_main.SetUpList",
		"pk":76,
		"fields":{
			"item_id":"REGB",
			"item_description":"Register new beneficiary",
			"item_category":"Command",
			"field_name":"transaction_type_id",
			"user_configurable":"False",
			"sms_keyword":"True",
			"is_void":"False"
		}
		
	},
	{
		"model":"ovc_main.SetUpList",
		"pk":77,
		"fields":{
			"item_id":"REGU",
			"item_description":"Register new organisational unit",
			"item_category":"Command",
			"field_name":"transaction_type_id",
			"user_configurable":"False",
			"sms_keyword":"True",
			"is_void":"False"
		}
		
	},
	{
		"model":"ovc_main.SetUpList",
		"pk":78,
		"fields":{
			"item_id":"REGS",
			"item_description":"Register new user",
			"item_category":"Command",
			"field_name":"transaction_type_id",
			"user_configurable":"False",
			"sms_keyword":"False",
			"is_void":"False"
		}
		
	},
	{
		"model":"ovc_main.SetUpList",
		"pk":79,
		"fields":{
			"item_id":"REGW",
			"item_description":"Register new workforce member",
			"item_category":"Command",
			"field_name":"transaction_type_id",
			"user_configurable":"False",
			"sms_keyword":"True",
			"is_void":"False"
		}
		
	},
	{
		"model":"ovc_main.SetUpList",
		"pk":80,
		"fields":{
			"item_id":"UPDB",
			"item_description":"Update beneficiary file",
			"item_category":"Command",
			"field_name":"transaction_type_id",
			"user_configurable":"False",
			"sms_keyword":"True",
			"is_void":"False"
		}
		
	},
	{
		"model":"ovc_main.SetUpList",
		"pk":81,
		"fields":{
			"item_id":"UPDU",
			"item_description":"Update organisational unit file",
			"item_category":"Command",
			"field_name":"transaction_type_id",
			"user_configurable":"False",
			"sms_keyword":"True",
			"is_void":"False"
		}
		
	},
	{
		"model":"ovc_main.SetUpList",
		"pk":82,
		"fields":{
			"item_id":"UPDS",
			"item_description":"Update user file",
			"item_category":"Command",
			"field_name":"transaction_type_id",
			"user_configurable":"False",
			"sms_keyword":"False",
			"is_void":"False"
		}
		
	},
	{
		"model":"ovc_main.SetUpList",
		"pk":83,
		"fields":{
			"item_id":"UPDW",
			"item_description":"Update workforce member file",
			"item_category":"Command",
			"field_name":"transaction_type_id",
			"user_configurable":"False",
			"sms_keyword":"True",
			"is_void":"False"
		}
		
	},
	{
		"model":"ovc_main.SetUpList",
		"pk":84,
		"fields":{
			"item_id":"INTC",
			"item_description":"Capture application interface",
			"item_category":"Interfaces",
			"field_name":"interface_id",
			"the_order":2,
			"user_configurable":"False",
			"sms_keyword":"False",
			"is_void":"False"
		}
		
	},
	{
		"model":"ovc_main.SetUpList",
		"pk":85,
		"fields":{
			"item_id":"INTS",
			"item_description":"SMS interface",
			"item_category":"Interfaces",
			"field_name":"interface_id",
			"the_order":3,
			"user_configurable":"False",
			"sms_keyword":"False",
			"is_void":"False"
		}
		
	},
	{
		"model":"ovc_main.SetUpList",
		"pk":86,
		"fields":{
			"item_id":"INTW",
			"item_description":"Web interface",
			"item_category":"Interfaces",
			"field_name":"interface_id",
			"the_order":1,
			"user_configurable":"False",
			"sms_keyword":"False",
			"is_void":"False"
		}
		
	},
	{
		"model":"ovc_main.SetUpList",
		"pk":87,
		"fields":{
			"item_id":"DAYT",
			"item_description":"Today",
			"item_category":"",
			"field_name":"",
			"user_configurable":"False",
			"sms_keyword":"True",
			"is_void":"False"
		}
		
	},
	{
		"model":"ovc_main.SetUpList",
		"pk":88,
		"fields":{
			"item_id":"ATMS",
			"item_description":"Multi select",
			"item_category":"Answer type",
			"field_name":"answer_type_id",
			"user_configurable":"False",
			"sms_keyword":"False",
			"is_void":"False"
		}
		
	},
	{
		"model":"ovc_main.SetUpList",
		"pk":89,
		"fields":{
			"item_id":"ATNM",
			"item_description":"Numeric",
			"item_category":"Answer type",
			"field_name":"answer_type_id",
			"user_configurable":"False",
			"sms_keyword":"False",
			"is_void":"False"
		}
		
	},
	{
		"model":"ovc_main.SetUpList",
		"pk":90,
		"fields":{
			"item_id":"ATSS",
			"item_description":"Single select",
			"item_category":"Answer type",
			"field_name":"answer_type_id",
			"user_configurable":"False",
			"sms_keyword":"False",
			"is_void":"False"
		}
		
	},
	{
		"model":"ovc_main.SetUpList",
		"pk":91,
		"fields":{
			"item_id":"ATTX",
			"item_description":"Text",
			"item_category":"Answer type",
			"field_name":"answer_type_id",
			"user_configurable":"False",
			"sms_keyword":"False",
			"is_void":"False"
		}
		
	},
	{
		"model":"ovc_main.SetUpList",
		"pk":92,
		"fields":{
			"item_id":"RECS",
			"item_description":"Record services, referrals and/or adverse conditions",
			"item_category":"Command",
			"field_name":"",
			"user_configurable":"False",
			"sms_keyword":"True",
			"is_void":"False"
		}
		
	},
	{
		"model":"ovc_main.SetUpList",
		"pk":93,
		"fields":{
			"item_id":"CS6A",
			"item_description":"Performance",
			"item_category":"CSI domain",
			"field_name":"domain_id",
			"user_configurable":"False",
			"sms_keyword":"False",
			"is_void":"False"
		}
		
	},
	{
		"model":"ovc_main.SetUpList",
		"pk":94,
		"fields":{
			"item_id":"CS5B",
			"item_description":"Social Behaviour",
			"item_category":"CSI domain",
			"field_name":"domain_id",
			"user_configurable":"False",
			"sms_keyword":"False",
			"is_void":"False"
		}
		
	},
	{
		"model":"ovc_main.SetUpList",
		"pk":95,
		"fields":{
			"item_id":"CS5A",
			"item_description":"Emotional Health",
			"item_category":"CSI domain",
			"field_name":"domain_id",
			"user_configurable":"False",
			"sms_keyword":"False",
			"is_void":"False"
		}
		
	},
	{
		"model":"ovc_main.SetUpList",
		"pk":96,
		"fields":{
			"item_id":"CS4B",
			"item_description":"Health Care Services",
			"item_category":"CSI domain",
			"field_name":"domain_id",
			"user_configurable":"False",
			"sms_keyword":"False",
			"is_void":"False"
		}
		
	},
	{
		"model":"ovc_main.SetUpList",
		"pk":97,
		"fields":{
			"item_id":"CS1A",
			"item_description":"Food security",
			"item_category":"CSI domain",
			"field_name":"domain_id",
			"user_configurable":"False",
			"sms_keyword":"False",
			"is_void":"False"
		}
		
	},
	{
		"model":"ovc_main.SetUpList",
		"pk":98,
		"fields":{
			"item_id":"CS4A",
			"item_description":"Wellness",
			"item_category":"CSI domain",
			"field_name":"domain_id",
			"user_configurable":"False",
			"sms_keyword":"False",
			"is_void":"False"
		}
		
	},
	{
		"model":"ovc_main.SetUpList",
		"pk":99,
		"fields":{
			"item_id":"CS3B",
			"item_description":"Legal protection",
			"item_category":"CSI domain",
			"field_name":"domain_id",
			"user_configurable":"False",
			"sms_keyword":"False",
			"is_void":"False"
		}
		
	},
	{
		"model":"ovc_main.SetUpList",
		"pk":100,
		"fields":{
			"item_id":"CS2B",
			"item_description":"Care",
			"item_category":"CSI domain",
			"field_name":"domain_id",
			"user_configurable":"False",
			"sms_keyword":"False",
			"is_void":"False"
		}
		
	},
	{
		"model":"ovc_main.SetUpList",
		"pk":101,
		"fields":{
			"item_id":"CS3A",
			"item_description":"Abuse and Exploitation",
			"item_category":"CSI domain",
			"field_name":"domain_id",
			"user_configurable":"False",
			"sms_keyword":"False",
			"is_void":"False"
		}
		
	},
	{
		"model":"ovc_main.SetUpList",
		"pk":102,
		"fields":{
			"item_id":"CS2A",
			"item_description":"Shelter",
			"item_category":"CSI domain",
			"field_name":"domain_id",
			"user_configurable":"False",
			"sms_keyword":"False",
			"is_void":"False"
		}
		
	},
	{
		"model":"ovc_main.SetUpList",
		"pk":103,
		"fields":{
			"item_id":"CS1B",
			"item_description":"Nutrition and Growth",
			"item_category":"CSI domain",
			"field_name":"domain_id",
			"user_configurable":"False",
			"sms_keyword":"False",
			"is_void":"False"
		}
		
	},
	{
		"model":"ovc_main.SetUpList",
		"pk":104,
		"fields":{
			"item_id":"CS6B",
			"item_description":"Education and Work",
			"item_category":"CSI domain",
			"field_name":"domain_id",
			"user_configurable":"False",
			"sms_keyword":"False",
			"is_void":"False"
		}
		
	},
	{
		"model":"ovc_main.SetUpList",
		"pk":105,
		"fields":{
			"item_id":"DSLT",
			"item_description":"Lists",
			"item_category":"Download section",
			"field_name":"section_id",
			"user_configurable":"False",
			"sms_keyword":"False",
			"is_void":"False"
		}
		
	},
	{
		"model":"ovc_main.SetUpList",
		"pk":106,
		"fields":{
			"item_id":"DSSS",
			"item_description":"Security setup",
			"item_category":"Download section",
			"field_name":"section_id",
			"user_configurable":"False",
			"sms_keyword":"False",
			"is_void":"False"
		}
		
	},
	{
		"model":"ovc_main.SetUpList",
		"pk":107,
		"fields":{
			"item_id":"DSPR",
			"item_description":"Person registry",
			"item_category":"Download section",
			"field_name":"section_id",
			"user_configurable":"False",
			"sms_keyword":"False",
			"is_void":"False"
		}
		
	},
	{
		"model":"ovc_main.SetUpList",
		"pk":108,
		"fields":{
			"item_id":"DSOR",
			"item_description":"Organisational registry",
			"item_category":"Download section",
			"field_name":"section_id",
			"user_configurable":"False",
			"sms_keyword":"False",
			"is_void":"False"
		}
		
	},
	{
		"model":"ovc_main.SetUpList",
		"pk":109,
		"fields":{
			"item_id":"DSPA",
			"item_description":"Person access",
			"item_category":"Download section",
			"field_name":"section_id",
			"user_configurable":"False",
			"sms_keyword":"False",
			"is_void":"False"
		}
		
	},
	{
		"model":"ovc_main.SetUpList",
		"pk":110,
		"fields":{
			"item_id":"EELS",
			"item_description":"Encountered elsewhere",
			"item_category":"Encounter type",
			"field_name":"encounter_type_id",
			"user_configurable":"False",
			"sms_keyword":"True",
			"is_void":"False"
		}
		
	},
	{
		"model":"ovc_main.SetUpList",
		"pk":111,
		"fields":{
			"item_id":"EHOM",
			"item_description":"Visit to home of beneficiary",
			"item_category":"Encounter type",
			"field_name":"encounter_type_id",
			"user_configurable":"False",
			"sms_keyword":"True",
			"is_void":"False"
		}
		
	},
	{
		"model":"ovc_main.SetUpList",
		"pk":112,
		"fields":{
			"item_id":"EWRK",
			"item_description":"Beneficiary came to workplace",
			"item_category":"Encounter type",
			"field_name":"encounter_type_id",
			"user_configurable":"False",
			"sms_keyword":"True",
			"is_void":"False"
		}
		
	},
	{
		"model":"ovc_main.SetUpList",
		"pk":113,
		"fields":{
			"item_id":"FT3e",
			"item_description":"Form 3e - Basic service/referral",
			"item_category":"Form type",
			"field_name":"form_type_id",
			"user_configurable":"False",
			"sms_keyword":"False",
			"is_void":"False"
		}
		
	},
	{
		"model":"ovc_main.SetUpList",
		"pk":114,
		"fields":{
			"item_id":"FT3d",
			"item_description":"Form 3d - OVC assessment",
			"item_category":"Form type",
			"field_name":"form_type_id",
			"user_configurable":"False",
			"sms_keyword":"False",
			"is_void":"False"
		}
		
	},
	{
		"model":"ovc_main.SetUpList",
		"pk":115,
		"fields":{
			"item_id":"FT2d",
			"item_description":"Form 2d - Workforce training",
			"item_category":"Form type",
			"field_name":"form_type_id",
			"user_configurable":"False",
			"sms_keyword":"False",
			"is_void":"False"
		}
		
	},
	{
		"model":"ovc_main.SetUpList",
		"pk":116,
		"fields":{
			"item_id":"FT2c",
			"item_description":"Form 2c - Workforce member assessment",
			"item_category":"Form type",
			"field_name":"form_type_id",
			"user_configurable":"False",
			"sms_keyword":"False",
			"is_void":"False"
		}
		
	},
	{
		"model":"ovc_main.SetUpList",
		"pk":117,
		"fields":{
			"item_id":"FT1g",
			"item_description":"Form 1g - Resource flow",
			"item_category":"Form type",
			"field_name":"form_type_id",
			"user_configurable":"False",
			"sms_keyword":"False",
			"is_void":"False"
		}
		
	},
	{
		"model":"ovc_main.SetUpList",
		"pk":118,
		"fields":{
			"item_id":"FT1f",
			"item_description":"Form 1f - Residential institution",
			"item_category":"Form type",
			"field_name":"form_type_id",
			"user_configurable":"False",
			"sms_keyword":"False",
			"is_void":"False"
		}
		
	},
	{
		"model":"ovc_main.SetUpList",
		"pk":119,
		"fields":{
			"item_id":"FT1c",
			"item_description":"Form 1c - Community interventions",
			"item_category":"Form type",
			"field_name":"form_type_id",
			"user_configurable":"False",
			"sms_keyword":"False",
			"is_void":"False"
		}
		
	},
	{
		"model":"ovc_main.SetUpList",
		"pk":120,
		"fields":{
			"item_id":"FT1e",
			"item_description":"Form 1e - Community outreach / public sensitization",
			"item_category":"Form type",
			"field_name":"form_type_id",
			"user_configurable":"False",
			"sms_keyword":"False",
			"is_void":"False"
		}
		
	},
	{
		"model":"ovc_main.SetUpList",
		"pk":121,
		"fields":{
			"item_id":"FT3f",
			"item_description":"Form 3f - Child in conflict with the law",
			"item_category":"Form type",
			"field_name":"form_type_id",
			"user_configurable":"False",
			"sms_keyword":"False",
			"is_void":"False"
		}
		
	},
	{
		"model":"ovc_main.SetUpList",
		"pk":122,
		"fields":{
			"item_id":"GCON",
			"item_description":"Constituency",
			"item_category":"Geographical area",
			"field_name":"area_type_id",
			"the_order":3,
			"user_configurable":"False",
			"sms_keyword":"False",
			"is_void":"False"
		}
		
	},
	{
		"model":"ovc_main.SetUpList",
		"pk":123,
		"fields":{
			"item_id":"GPRV",
			"item_description":"Province",
			"item_category":"Geographical area",
			"field_name":"area_type_id",
			"the_order":1,
			"user_configurable":"False",
			"sms_keyword":"False",
			"is_void":"False"
		}
		
	},
	{
		"model":"ovc_main.SetUpList",
		"pk":124,
		"fields":{
			"item_id":"ISOV",
			"item_description":"OVC ID in STEPS OVC program",
			"item_category":"Person ID type - external",
			"field_name":"identifier_type_id",
			"user_configurable":"False",
			"sms_keyword":"True",
			"is_void":"False"
		}
		
	},
	{
		"model":"ovc_main.SetUpList",
		"pk":125,
		"fields":{
			"item_id":"LGEO",
			"item_description":"Ward or District ID prefix",
			"item_category":"Prefix to area ID",
			"field_name":"",
			"user_configurable":"False",
			"sms_keyword":"True",
			"is_void":"False"
		}
		
	},
	{
		"model":"ovc_main.SetUpList",
		"pk":126,
		"fields":{
			"item_id":"X",
			"item_description":"Password prefix",
			"item_category":"Prefix to password",
			"field_name":"",
			"user_configurable":"False",
			"sms_keyword":"False",
			"is_void":"False"
		}
		
	},
	{
		"model":"ovc_main.SetUpList",
		"pk":127,
		"fields":{
			"item_id":"RCFP",
			"item_description":"Referral to family planning services",
			"item_category":"Referral completed",
			"field_name":"core_item_id",
			"the_order":1,
			"user_configurable":"False",
			"sms_keyword":"True",
			"is_void":"False"
		}
		
	},
	{
		"model":"ovc_main.SetUpList",
		"pk":128,
		"fields":{
			"item_id":"RCPL",
			"item_description":"Referral to police",
			"item_category":"Referral completed",
			"field_name":"core_item_id",
			"the_order":2,
			"user_configurable":"False",
			"sms_keyword":"True",
			"is_void":"False"
		}
		
	},
	{
		"model":"ovc_main.SetUpList",
		"pk":129,
		"fields":{
			"item_id":"RCSG",
			"item_description":"Referral to victim support group",
			"item_category":"Referral completed",
			"field_name":"core_item_id",
			"the_order":3,
			"user_configurable":"False",
			"sms_keyword":"True",
			"is_void":"False"
		}
		
	},
	{
		"model":"ovc_main.SetUpList",
		"pk":130,
		"fields":{
			"item_id":"RCVS",
			"item_description":"Referral to victim support unit",
			"item_category":"Referral completed",
			"field_name":"core_item_id",
			"the_order":4,
			"user_configurable":"False",
			"sms_keyword":"True",
			"is_void":"False"
		}
		
	},
	{
		"model":"ovc_main.SetUpList",
		"pk":131,
		"fields":{
			"item_id":"RCLS",
			"item_description":"Referral to legal services",
			"item_category":"Referral completed",
			"field_name":"core_item_id",
			"the_order":5,
			"user_configurable":"False",
			"sms_keyword":"True",
			"is_void":"False"
		}
		
	},
	{
		"model":"ovc_main.SetUpList",
		"pk":132,
		"fields":{
			"item_id":"RCCT",
			"item_description":"Referral to HIV care and treatment services in health facility",
			"item_category":"Referral completed",
			"field_name":"core_item_id",
			"the_order":6,
			"user_configurable":"False",
			"sms_keyword":"True",
			"is_void":"False"
		}
		
	},
	{
		"model":"ovc_main.SetUpList",
		"pk":133,
		"fields":{
			"item_id":"RCHF",
			"item_description":"Referral to health facility",
			"item_category":"Referral completed",
			"field_name":"core_item_id",
			"the_order":7,
			"user_configurable":"False",
			"sms_keyword":"True",
			"is_void":"False"
		}
		
	},
	{
		"model":"ovc_main.SetUpList",
		"pk":134,
		"fields":{
			"item_id":"RCHT",
			"item_description":"Referral to HIV testing",
			"item_category":"Referral completed",
			"field_name":"core_item_id",
			"the_order":8,
			"user_configurable":"False",
			"sms_keyword":"True",
			"is_void":"False"
		}
		
	},
	{
		"model":"ovc_main.SetUpList",
		"pk":135,
		"fields":{
			"item_id":"RCPP",
			"item_description":"Referral to PEP in health facility",
			"item_category":"Referral completed",
			"field_name":"core_item_id",
			"the_order":9,
			"user_configurable":"False",
			"sms_keyword":"True",
			"is_void":"False"
		}
		
	},
	{
		"model":"ovc_main.SetUpList",
		"pk":136,
		"fields":{
			"item_id":"RCCG",
			"item_description":"Referral to community group/club",
			"item_category":"Referral completed",
			"field_name":"core_item_id",
			"the_order":10,
			"user_configurable":"False",
			"sms_keyword":"True",
			"is_void":"False"
		}
		
	},
	{
		"model":"ovc_main.SetUpList",
		"pk":137,
		"fields":{
			"item_id":"RCCP",
			"item_description":"Referral to professional counselling",
			"item_category":"Referral completed",
			"field_name":"core_item_id",
			"the_order":11,
			"user_configurable":"False",
			"sms_keyword":"True",
			"is_void":"False"
		}
		
	},
	{
		"model":"ovc_main.SetUpList",
		"pk":138,
		"fields":{
			"item_id":"RCSC",
			"item_description":"Referral to school",
			"item_category":"Referral completed",
			"field_name":"core_item_id",
			"the_order":12,
			"user_configurable":"False",
			"sms_keyword":"True",
			"is_void":"False"
		}
		
	},
	{
		"model":"ovc_main.SetUpList",
		"pk":139,
		"fields":{
			"item_id":"RCTR",
			"item_description":"Referral to training or education program",
			"item_category":"Referral completed",
			"field_name":"core_item_id",
			"the_order":13,
			"user_configurable":"False",
			"sms_keyword":"True",
			"is_void":"False"
		}
		
	},
	{
		"model":"ovc_main.SetUpList",
		"pk":140,
		"fields":{
			"item_id":"RCAE",
			"item_description":"Referral to agricultural extension services",
			"item_category":"Referral completed",
			"field_name":"core_item_id",
			"the_order":14,
			"user_configurable":"False",
			"sms_keyword":"True",
			"is_void":"False"
		}
		
	},
	{
		"model":"ovc_main.SetUpList",
		"pk":141,
		"fields":{
			"item_id":"RCES",
			"item_description":"Referral to economic strengthening program/project/savings and credit scheme",
			"item_category":"Referral completed",
			"field_name":"core_item_id",
			"the_order":15,
			"user_configurable":"False",
			"sms_keyword":"True",
			"is_void":"False"
		}
		
	},
	{
		"model":"ovc_main.SetUpList",
		"pk":142,
		"fields":{
			"item_id":"RCWS",
			"item_description":"Referral to water and sanitation services",
			"item_category":"Referral completed",
			"field_name":"core_item_id",
			"the_order":16,
			"user_configurable":"False",
			"sms_keyword":"True",
			"is_void":"False"
		}
		
	},
	{
		"model":"ovc_main.SetUpList",
		"pk":143,
		"fields":{
			"item_id":"RCHL",
			"item_description":"Referral to hotline",
			"item_category":"Referral completed",
			"field_name":"core_item_id",
			"the_order":17,
			"user_configurable":"False",
			"sms_keyword":"True",
			"is_void":"False"
		}
		
	},
	{
		"model":"ovc_main.SetUpList",
		"pk":144,
		"fields":{
			"item_id":"RCSO",
			"item_description":"Referral to OVC program (NGO)",
			"item_category":"Referral completed",
			"field_name":"core_item_id",
			"the_order":18,
			"user_configurable":"False",
			"sms_keyword":"True",
			"is_void":"False"
		}
		
	},
	{
		"model":"ovc_main.SetUpList",
		"pk":145,
		"fields":{
			"item_id":"RCSS",
			"item_description":"Referral to professional social services (social worker)",
			"item_category":"Referral completed",
			"field_name":"core_item_id",
			"the_order":19,
			"user_configurable":"False",
			"sms_keyword":"True",
			"is_void":"False"
		}
		
	},
	{
		"model":"ovc_main.SetUpList",
		"pk":146,
		"fields":{
			"item_id":"RMFP",
			"item_description":"Referral to family planning services",
			"item_category":"Referral made",
			"field_name":"core_item_id",
			"the_order":1,
			"user_configurable":"False",
			"sms_keyword":"True",
			"is_void":"False"
		}
		
	},
	{
		"model":"ovc_main.SetUpList",
		"pk":147,
		"fields":{
			"item_id":"RMPL",
			"item_description":"Referral to police",
			"item_category":"Referral made",
			"field_name":"core_item_id",
			"the_order":2,
			"user_configurable":"False",
			"sms_keyword":"True",
			"is_void":"False"
		}
		
	},
	{
		"model":"ovc_main.SetUpList",
		"pk":148,
		"fields":{
			"item_id":"RMSG",
			"item_description":"Referral to victim support group",
			"item_category":"Referral made",
			"field_name":"core_item_id",
			"the_order":3,
			"user_configurable":"False",
			"sms_keyword":"True",
			"is_void":"False"
		}
		
	},
	{
		"model":"ovc_main.SetUpList",
		"pk":149,
		"fields":{
			"item_id":"RMVS",
			"item_description":"Referral to victim support unit",
			"item_category":"Referral made",
			"field_name":"core_item_id",
			"the_order":4,
			"user_configurable":"False",
			"sms_keyword":"True",
			"is_void":"False"
		}
		
	},
	{
		"model":"ovc_main.SetUpList",
		"pk":150,
		"fields":{
			"item_id":"RMLS",
			"item_description":"Referral to legal services",
			"item_category":"Referral made",
			"field_name":"core_item_id",
			"the_order":5,
			"user_configurable":"False",
			"sms_keyword":"True",
			"is_void":"False"
		}
		
	},
	{
		"model":"ovc_main.SetUpList",
		"pk":151,
		"fields":{
			"item_id":"RMCT",
			"item_description":"Referral to HIV care and treatment services in health facility",
			"item_category":"Referral made",
			"field_name":"core_item_id",
			"the_order":6,
			"user_configurable":"False",
			"sms_keyword":"True",
			"is_void":"False"
		}
		
	},
	{
		"model":"ovc_main.SetUpList",
		"pk":152,
		"fields":{
			"item_id":"RMHF",
			"item_description":"Referral to health facility",
			"item_category":"Referral made",
			"field_name":"core_item_id",
			"the_order":7,
			"user_configurable":"False",
			"sms_keyword":"True",
			"is_void":"False"
		}
		
	},
	{
		"model":"ovc_main.SetUpList",
		"pk":153,
		"fields":{
			"item_id":"RMHT",
			"item_description":"Referral to HIV testing",
			"item_category":"Referral made",
			"field_name":"core_item_id",
			"the_order":8,
			"user_configurable":"False",
			"sms_keyword":"True",
			"is_void":"False"
		}
		
	},
	{
		"model":"ovc_main.SetUpList",
		"pk":154,
		"fields":{
			"item_id":"RMPP",
			"item_description":"Referral to PEP in health facility",
			"item_category":"Referral made",
			"field_name":"core_item_id",
			"the_order":9,
			"user_configurable":"False",
			"sms_keyword":"True",
			"is_void":"False"
		}
		
	},
	{
		"model":"ovc_main.SetUpList",
		"pk":155,
		"fields":{
			"item_id":"RMCG",
			"item_description":"Referral to community group/club",
			"item_category":"Referral made",
			"field_name":"core_item_id",
			"the_order":10,
			"user_configurable":"False",
			"sms_keyword":"True",
			"is_void":"False"
		}
		
	},
	{
		"model":"ovc_main.SetUpList",
		"pk":156,
		"fields":{
			"item_id":"RMCP",
			"item_description":"Referral to professional counselling",
			"item_category":"Referral made",
			"field_name":"core_item_id",
			"the_order":11,
			"user_configurable":"False",
			"sms_keyword":"True",
			"is_void":"False"
		}
		
	},
	{
		"model":"ovc_main.SetUpList",
		"pk":157,
		"fields":{
			"item_id":"RMSC",
			"item_description":"Referral to school",
			"item_category":"Referral made",
			"field_name":"core_item_id",
			"the_order":12,
			"user_configurable":"False",
			"sms_keyword":"True",
			"is_void":"False"
		}
		
	},
	{
		"model":"ovc_main.SetUpList",
		"pk":158,
		"fields":{
			"item_id":"RMTR",
			"item_description":"Referral to training or education program",
			"item_category":"Referral made",
			"field_name":"core_item_id",
			"the_order":13,
			"user_configurable":"False",
			"sms_keyword":"True",
			"is_void":"False"
		}
		
	},
	{
		"model":"ovc_main.SetUpList",
		"pk":159,
		"fields":{
			"item_id":"RMAE",
			"item_description":"Referral to agricultural extension services",
			"item_category":"Referral made",
			"field_name":"core_item_id",
			"the_order":14,
			"user_configurable":"False",
			"sms_keyword":"True",
			"is_void":"False"
		}
		
	},
	{
		"model":"ovc_main.SetUpList",
		"pk":160,
		"fields":{
			"item_id":"RMES",
			"item_description":"Referral to economic strengthening program/project/savings and credit scheme",
			"item_category":"Referral made",
			"field_name":"core_item_id",
			"the_order":15,
			"user_configurable":"False",
			"sms_keyword":"True",
			"is_void":"False"
		}
		
	},
	{
		"model":"ovc_main.SetUpList",
		"pk":161,
		"fields":{
			"item_id":"RMWS",
			"item_description":"Referral to water and sanitation services",
			"item_category":"Referral made",
			"field_name":"core_item_id",
			"the_order":16,
			"user_configurable":"False",
			"sms_keyword":"True",
			"is_void":"False"
		}
		
	},
	{
		"model":"ovc_main.SetUpList",
		"pk":162,
		"fields":{
			"item_id":"RMHL",
			"item_description":"Referral to hotline",
			"item_category":"Referral made",
			"field_name":"core_item_id",
			"the_order":17,
			"user_configurable":"False",
			"sms_keyword":"True",
			"is_void":"False"
		}
		
	},
	{
		"model":"ovc_main.SetUpList",
		"pk":163,
		"fields":{
			"item_id":"RMSO",
			"item_description":"Referral to OVC program (NGO)",
			"item_category":"Referral made",
			"field_name":"core_item_id",
			"the_order":18,
			"user_configurable":"False",
			"sms_keyword":"True",
			"is_void":"False"
		}
		
	},
	{
		"model":"ovc_main.SetUpList",
		"pk":164,
		"fields":{
			"item_id":"RMSS",
			"item_description":"Referral to professional social services (social worker)",
			"item_category":"Referral made",
			"field_name":"core_item_id",
			"the_order":19,
			"user_configurable":"False",
			"sms_keyword":"True",
			"is_void":"False"
		}
		
	},
	{
		"model":"ovc_main.SetUpList",
		"pk":165,
		"fields":{
			"item_id":"STNT",
			"item_description":"Measurement to assess nutritional status",
			"item_category":"Service type",
			"field_name":"core_item_id",
			"the_order":1,
			"user_configurable":"False",
			"sms_keyword":"True",
			"is_void":"False"
		}
		
	},
	{
		"model":"ovc_main.SetUpList",
		"pk":166,
		"fields":{
			"item_id":"SCBN",
			"item_description":"Basic counselling - nutrition",
			"item_category":"Service type",
			"field_name":"core_item_id",
			"the_order":2,
			"user_configurable":"False",
			"sms_keyword":"True",
			"is_void":"False"
		}
		
	},
	{
		"model":"ovc_main.SetUpList",
		"pk":167,
		"fields":{
			"item_id":"SGFD",
			"item_description":"Provided with food",
			"item_category":"Service type",
			"field_name":"core_item_id",
			"the_order":3,
			"user_configurable":"False",
			"sms_keyword":"True",
			"is_void":"False"
		}
		
	},
	{
		"model":"ovc_main.SetUpList",
		"pk":168,
		"fields":{
			"item_id":"SGFS",
			"item_description":"Provided with artificial food supplement",
			"item_category":"Service type",
			"field_name":"core_item_id",
			"the_order":4,
			"user_configurable":"False",
			"sms_keyword":"True",
			"is_void":"False"
		}
		
	},
	{
		"model":"ovc_main.SetUpList",
		"pk":169,
		"fields":{
			"item_id":"SSRP",
			"item_description":"Home repaired/renovated",
			"item_category":"Service type",
			"field_name":"core_item_id",
			"the_order":5,
			"user_configurable":"False",
			"sms_keyword":"True",
			"is_void":"False"
		}
		
	},
	{
		"model":"ovc_main.SetUpList",
		"pk":170,
		"fields":{
			"item_id":"SPRS",
			"item_description":"Admitted in residential care institution",
			"item_category":"Service type",
			"field_name":"core_item_id",
			"the_order":6,
			"user_configurable":"False",
			"sms_keyword":"True",
			"is_void":"False"
		}
		
	},
	{
		"model":"ovc_main.SetUpList",
		"pk":171,
		"fields":{
			"item_id":"SGBN",
			"item_description":"Provided with other basic need (eg clothes, blanket, bicycle, soap etc)",
			"item_category":"Service type",
			"field_name":"core_item_id",
			"the_order":7,
			"user_configurable":"False",
			"sms_keyword":"True",
			"is_void":"False"
		}
		
	},
	{
		"model":"ovc_main.SetUpList",
		"pk":172,
		"fields":{
			"item_id":"SCBC",
			"item_description":"Basic counselling - couples (for guardians)",
			"item_category":"Service type",
			"field_name":"core_item_id",
			"the_order":8,
			"user_configurable":"False",
			"sms_keyword":"True",
			"is_void":"False"
		}
		
	},
	{
		"model":"ovc_main.SetUpList",
		"pk":173,
		"fields":{
			"item_id":"SCBF",
			"item_description":"Basic counselling on family planning (for guardians)",
			"item_category":"Service type",
			"field_name":"core_item_id",
			"the_order":9,
			"user_configurable":"False",
			"sms_keyword":"True",
			"is_void":"False"
		}
		
	},
	{
		"model":"ovc_main.SetUpList",
		"pk":174,
		"fields":{
			"item_id":"SCBU",
			"item_description":"Basic counselling - substance abuse",
			"item_category":"Service type",
			"field_name":"core_item_id",
			"the_order":10,
			"user_configurable":"False",
			"sms_keyword":"True",
			"is_void":"False"
		}
		
	},
	{
		"model":"ovc_main.SetUpList",
		"pk":175,
		"fields":{
			"item_id":"SPAD",
			"item_description":"Placed for adoption",
			"item_category":"Service type",
			"field_name":"core_item_id",
			"the_order":11,
			"user_configurable":"False",
			"sms_keyword":"True",
			"is_void":"False"
		}
		
	},
	{
		"model":"ovc_main.SetUpList",
		"pk":176,
		"fields":{
			"item_id":"SPFM",
			"item_description":"Placed with family member (separated or institutionalised child)",
			"item_category":"Service type",
			"field_name":"core_item_id",
			"the_order":12,
			"user_configurable":"False",
			"sms_keyword":"True",
			"is_void":"False"
		}
		
	},
	{
		"model":"ovc_main.SetUpList",
		"pk":177,
		"fields":{
			"item_id":"SPFS",
			"item_description":"Placed in foster care",
			"item_category":"Service type",
			"field_name":"core_item_id",
			"the_order":13,
			"user_configurable":"False",
			"sms_keyword":"True",
			"is_void":"False"
		}
		
	},
	{
		"model":"ovc_main.SetUpList",
		"pk":178,
		"fields":{
			"item_id":"SGTR",
			"item_description":"Provided with transport for repatriation",
			"item_category":"Service type",
			"field_name":"core_item_id",
			"the_order":14,
			"user_configurable":"False",
			"sms_keyword":"True",
			"is_void":"False"
		}
		
	},
	{
		"model":"ovc_main.SetUpList",
		"pk":179,
		"fields":{
			"item_id":"SPHM",
			"item_description":"Making contact with home or relatives (separated or institutionalised child)",
			"item_category":"Service type",
			"field_name":"core_item_id",
			"the_order":15,
			"user_configurable":"False",
			"sms_keyword":"True",
			"is_void":"False"
		}
		
	},
	{
		"model":"ovc_main.SetUpList",
		"pk":180,
		"fields":{
			"item_id":"SCPA",
			"item_description":"professional assessment for potential abuse",
			"item_category":"Service type",
			"field_name":"core_item_id",
			"the_order":16,
			"user_configurable":"False",
			"sms_keyword":"True",
			"is_void":"False"
		}
		
	},
	{
		"model":"ovc_main.SetUpList",
		"pk":181,
		"fields":{
			"item_id":"SCPV",
			"item_description":"Professional counselling for child victim of abuse or violence",
			"item_category":"Service type",
			"field_name":"core_item_id",
			"the_order":17,
			"user_configurable":"False",
			"sms_keyword":"True",
			"is_void":"False"
		}
		
	},
	{
		"model":"ovc_main.SetUpList",
		"pk":182,
		"fields":{
			"item_id":"SRPA",
			"item_description":"Arrest of perpetrator of abuse/violence to child",
			"item_category":"Service type",
			"field_name":"core_item_id",
			"the_order":18,
			"user_configurable":"False",
			"sms_keyword":"True",
			"is_void":"False"
		}
		
	},
	{
		"model":"ovc_main.SetUpList",
		"pk":183,
		"fields":{
			"item_id":"SRPC",
			"item_description":"Perpetrator of abuse/violence to child brought to court",
			"item_category":"Service type",
			"field_name":"core_item_id",
			"the_order":19,
			"user_configurable":"False",
			"sms_keyword":"True",
			"is_void":"False"
		}
		
	},
	{
		"model":"ovc_main.SetUpList",
		"pk":184,
		"fields":{
			"item_id":"SRCL",
			"item_description":"Removed from child labour",
			"item_category":"Service type",
			"field_name":"core_item_id",
			"the_order":20,
			"user_configurable":"False",
			"sms_keyword":"True",
			"is_void":"False"
		}
		
	},
	{
		"model":"ovc_main.SetUpList",
		"pk":185,
		"fields":{
			"item_id":"SRDG",
			"item_description":"Rescue from danger (eg situation of abuse)",
			"item_category":"Service type",
			"field_name":"core_item_id",
			"the_order":21,
			"user_configurable":"False",
			"sms_keyword":"True",
			"is_void":"False"
		}
		
	},
	{
		"model":"ovc_main.SetUpList",
		"pk":186,
		"fields":{
			"item_id":"SRTR",
			"item_description":"Rescue from trafficking",
			"item_category":"Service type",
			"field_name":"core_item_id",
			"the_order":22,
			"user_configurable":"False",
			"sms_keyword":"True",
			"is_void":"False"
		}
		
	},
	{
		"model":"ovc_main.SetUpList",
		"pk":187,
		"fields":{
			"item_id":"SLBR",
			"item_description":"Support with birth registration",
			"item_category":"Service type",
			"field_name":"core_item_id",
			"the_order":23,
			"user_configurable":"False",
			"sms_keyword":"True",
			"is_void":"False"
		}
		
	},
	{
		"model":"ovc_main.SetUpList",
		"pk":188,
		"fields":{
			"item_id":"SLSC",
			"item_description":"Support with wills and succession planning",
			"item_category":"Service type",
			"field_name":"core_item_id",
			"the_order":24,
			"user_configurable":"False",
			"sms_keyword":"True",
			"is_void":"False"
		}
		
	},
	{
		"model":"ovc_main.SetUpList",
		"pk":189,
		"fields":{
			"item_id":"STHV",
			"item_description":"HIV testing",
			"item_category":"Service type",
			"field_name":"core_item_id",
			"the_order":25,
			"user_configurable":"False",
			"sms_keyword":"True",
			"is_void":"False"
		}
		
	},
	{
		"model":"ovc_main.SetUpList",
		"pk":190,
		"fields":{
			"item_id":"SCBA",
			"item_description":"Basic counselling on ART adherence",
			"item_category":"Service type",
			"field_name":"core_item_id",
			"the_order":26,
			"user_configurable":"False",
			"sms_keyword":"True",
			"is_void":"False"
		}
		
	},
	{
		"model":"ovc_main.SetUpList",
		"pk":191,
		"fields":{
			"item_id":"SCBH",
			"item_description":"Basic counselling on HIV prevention",
			"item_category":"Service type",
			"field_name":"core_item_id",
			"the_order":27,
			"user_configurable":"False",
			"sms_keyword":"True",
			"is_void":"False"
		}
		
	},
	{
		"model":"ovc_main.SetUpList",
		"pk":192,
		"fields":{
			"item_id":"SCBM",
			"item_description":"Basic counselling on malaria prevention",
			"item_category":"Service type",
			"field_name":"core_item_id",
			"the_order":28,
			"user_configurable":"False",
			"sms_keyword":"True",
			"is_void":"False"
		}
		
	},
	{
		"model":"ovc_main.SetUpList",
		"pk":193,
		"fields":{
			"item_id":"SCBO",
			"item_description":"Basic counselling on other health issues",
			"item_category":"Service type",
			"field_name":"core_item_id",
			"the_order":29,
			"user_configurable":"False",
			"sms_keyword":"True",
			"is_void":"False"
		}
		
	},
	{
		"model":"ovc_main.SetUpList",
		"pk":194,
		"fields":{
			"item_id":"SSMS",
			"item_description":"Home sprayed for mosquitos",
			"item_category":"Service type",
			"field_name":"core_item_id",
			"the_order":30,
			"user_configurable":"False",
			"sms_keyword":"True",
			"is_void":"False"
		}
		
	},
	{
		"model":"ovc_main.SetUpList",
		"pk":195,
		"fields":{
			"item_id":"SGHL",
			"item_description":"Provided with health care supplies (medicine, health care appliance)",
			"item_category":"Service type",
			"field_name":"core_item_id",
			"the_order":31,
			"user_configurable":"False",
			"sms_keyword":"True",
			"is_void":"False"
		}
		
	},
	{
		"model":"ovc_main.SetUpList",
		"pk":196,
		"fields":{
			"item_id":"SGMN",
			"item_description":"Provided with mosquito net",
			"item_category":"Service type",
			"field_name":"core_item_id",
			"the_order":32,
			"user_configurable":"False",
			"sms_keyword":"True",
			"is_void":"False"
		}
		
	},
	{
		"model":"ovc_main.SetUpList",
		"pk":197,
		"fields":{
			"item_id":"SCBB",
			"item_description":"Basic counselling - bereavement",
			"item_category":"Service type",
			"field_name":"core_item_id",
			"the_order":33,
			"user_configurable":"False",
			"sms_keyword":"True",
			"is_void":"False"
		}
		
	},
	{
		"model":"ovc_main.SetUpList",
		"pk":198,
		"fields":{
			"item_id":"SCBP",
			"item_description":"Basic counselling - psychosocial",
			"item_category":"Service type",
			"field_name":"core_item_id",
			"the_order":34,
			"user_configurable":"False",
			"sms_keyword":"True",
			"is_void":"False"
		}
		
	},
	{
		"model":"ovc_main.SetUpList",
		"pk":199,
		"fields":{
			"item_id":"SCBS",
			"item_description":"Basic counselling - spiritual",
			"item_category":"Service type",
			"field_name":"core_item_id",
			"the_order":35,
			"user_configurable":"False",
			"sms_keyword":"True",
			"is_void":"False"
		}
		
	},
	{
		"model":"ovc_main.SetUpList",
		"pk":200,
		"fields":{
			"item_id":"SCPW",
			"item_description":"Professional counselling for child witness to crime",
			"item_category":"Service type",
			"field_name":"core_item_id",
			"the_order":36,
			"user_configurable":"False",
			"sms_keyword":"True",
			"is_void":"False"
		}
		
	},
	{
		"model":"ovc_main.SetUpList",
		"pk":201,
		"fields":{
			"item_id":"STRB",
			"item_description":"Non-formal training or education provided",
			"item_category":"Service type",
			"field_name":"core_item_id",
			"the_order":37,
			"user_configurable":"False",
			"sms_keyword":"True",
			"is_void":"False"
		}
		
	},
	{
		"model":"ovc_main.SetUpList",
		"pk":202,
		"fields":{
			"item_id":"SGSF",
			"item_description":"Provided with school fees / bursary",
			"item_category":"Service type",
			"field_name":"core_item_id",
			"the_order":38,
			"user_configurable":"False",
			"sms_keyword":"True",
			"is_void":"False"
		}
		
	},
	{
		"model":"ovc_main.SetUpList",
		"pk":203,
		"fields":{
			"item_id":"SGSR",
			"item_description":"Provided with school supplies or books",
			"item_category":"Service type",
			"field_name":"core_item_id",
			"the_order":39,
			"user_configurable":"False",
			"sms_keyword":"True",
			"is_void":"False"
		}
		
	},
	{
		"model":"ovc_main.SetUpList",
		"pk":204,
		"fields":{
			"item_id":"SCBE",
			"item_description":"Basic advice on economic strengthening",
			"item_category":"Service type",
			"field_name":"core_item_id",
			"the_order":40,
			"user_configurable":"False",
			"sms_keyword":"True",
			"is_void":"False"
		}
		
	},
	{
		"model":"ovc_main.SetUpList",
		"pk":205,
		"fields":{
			"item_id":"SSEC",
			"item_description":"Assisted with economic activity (eg farming, income generation)",
			"item_category":"Service type",
			"field_name":"core_item_id",
			"the_order":41,
			"user_configurable":"False",
			"sms_keyword":"True",
			"is_void":"False"
		}
		
	},
	{
		"model":"ovc_main.SetUpList",
		"pk":206,
		"fields":{
			"item_id":"SGFP",
			"item_description":"Provided with agricultural inputs - food security pack",
			"item_category":"Service type",
			"field_name":"core_item_id",
			"the_order":42,
			"user_configurable":"False",
			"sms_keyword":"True",
			"is_void":"False"
		}
		
	},
	{
		"model":"ovc_main.SetUpList",
		"pk":207,
		"fields":{
			"item_id":"SGIG",
			"item_description":"Provided with equipment or inputs for economic strengthening",
			"item_category":"Service type",
			"field_name":"core_item_id",
			"the_order":43,
			"user_configurable":"False",
			"sms_keyword":"True",
			"is_void":"False"
		}
		
	},
	{
		"model":"ovc_main.SetUpList",
		"pk":208,
		"fields":{
			"item_id":"SGCT",
			"item_description":"Provided with cash transfer",
			"item_category":"Service type",
			"field_name":"core_item_id",
			"the_order":44,
			"user_configurable":"False",
			"sms_keyword":"True",
			"is_void":"False"
		}
		
	},
	{
		"model":"ovc_main.SetUpList",
		"pk":209,
		"fields":{
			"item_id":"SCPO",
			"item_description":"Professional counselling for child offender",
			"item_category":"Service type",
			"field_name":"core_item_id",
			"the_order":45,
			"user_configurable":"False",
			"sms_keyword":"True",
			"is_void":"False"
		}
		
	},
	{
		"model":"ovc_main.SetUpList",
		"pk":210,
		"fields":{
			"item_id":"SPCO",
			"item_description":"Child offender compulsory supervision and aftercare",
			"item_category":"Service type",
			"field_name":"core_item_id",
			"the_order":46,
			"user_configurable":"False",
			"sms_keyword":"True",
			"is_void":"False"
		}
		
	},
	{
		"model":"ovc_main.SetUpList",
		"pk":211,
		"fields":{
			"item_id":"SRCO",
			"item_description":"Child offender professional representation/advocacy",
			"item_category":"Service type",
			"field_name":"core_item_id",
			"the_order":47,
			"user_configurable":"False",
			"sms_keyword":"True",
			"is_void":"False"
		}
		
	},
	{
		"model":"ovc_main.SetUpList",
		"pk":212,
		"fields":{
			"item_id":"SCPD",
			"item_description":"Professional services for child with disability",
			"item_category":"Service type",
			"field_name":"core_item_id",
			"the_order":48,
			"user_configurable":"False",
			"sms_keyword":"True",
			"is_void":"False"
		}
		
	},
	{
		"model":"auth.Permission",
		"pk":1001,
		"fields":{
			"name":"reg org",
			"codename":"reg org",
			"content_type":2
		}
		
	}
	,
	{
		"model":"auth.Permission",
		"pk":1002,
		"fields":{
			"name":"update org contact rel",
			"codename":"update org contact rel",
			"content_type":2
		}
		
	}
	,
	{
		"model":"auth.Permission",
		"pk":1003,
		"fields":{
			"name":"update org general rel",
			"codename":"update org general rel",
			"content_type":2
		}
		
	}
	,
	{
		"model":"auth.Permission",
		"pk":1004,
		"fields":{
			"name":"reg wkf rel",
			"codename":"reg wkf rel",
			"content_type":2
		}
		
	}
	,
	{
		"model":"auth.Permission",
		"pk":1005,
		"fields":{
			"name":"update wkf contact rel",
			"codename":"update wkf contact rel",
			"content_type":2
		}
		
	}
	,
	{
		"model":"auth.Permission",
		"pk":1006,
		"fields":{
			"name":"update wkf general rel",
			"codename":"update wkf general rel",
			"content_type":2
		}
		
	}
	,
	{
		"model":"auth.Permission",
		"pk":1007,
		"fields":{
			"name":"ben view by org",
			"codename":"ben view by org",
			"content_type":2
		}
		
	}
	,
	{
		"model":"auth.Permission",
		"pk":1008,
		"fields":{
			"name":"update ben contact by org",
			"codename":"update ben contact by org",
			"content_type":2
		}
		
	}
	,
	{
		"model":"auth.Permission",
		"pk":1009,
		"fields":{
			"name":"update ben general by org",
			"codename":"update ben general by org",
			"content_type":2
		}
		
	}
	,
	{
		"model":"auth.Permission",
		"pk":1010,
		"fields":{
			"name":"role assign org rel",
			"codename":"role assign org rel",
			"content_type":2
		}
		
	}
	,
	{
		"model":"auth.Permission",
		"pk":1011,
		"fields":{
			"name":"ben lookup",
			"codename":"ben lookup",
			"content_type":2
		}
		
	}
	,
	{
		"model":"auth.Permission",
		"pk":1012,
		"fields":{
			"name":"update org contact",
			"codename":"update org contact",
			"content_type":2
		}
		
	}
	,
	{
		"model":"auth.Permission",
		"pk":1013,
		"fields":{
			"name":"update org general",
			"codename":"update org general",
			"content_type":2
		}
		
	}
	,
	{
		"model":"auth.Permission",
		"pk":1014,
		"fields":{
			"name":"update org special",
			"codename":"update org special",
			"content_type":2
		}
		
	}
	,
	{
		"model":"auth.Permission",
		"pk":1015,
		"fields":{
			"name":"update wkf contact",
			"codename":"update wkf contact",
			"content_type":2
		}
		
	}
	,
	{
		"model":"auth.Permission",
		"pk":1016,
		"fields":{
			"name":"update wkf general",
			"codename":"update wkf general",
			"content_type":2
		}
		
	}
	,
	{
		"model":"auth.Permission",
		"pk":1017,
		"fields":{
			"name":"update wkf special",
			"codename":"update wkf special",
			"content_type":2
		}
		
	}
	,
	{
		"model":"auth.Permission",
		"pk":1018,
		"fields":{
			"name":"ben vw",
			"codename":"ben vw",
			"content_type":2
		}
		
	}
	,
	{
		"model":"auth.Permission",
		"pk":1019,
		"fields":{
			"name":"update ben special",
			"codename":"update ben special",
			"content_type":2
		}
		
	}
	,
	{
		"model":"auth.Permission",
		"pk":1020,
		"fields":{
			"name":"dedub",
			"codename":"dedub",
			"content_type":2
		}
		
	}
	,
	{
		"model":"auth.Permission",
		"pk":1021,
		"fields":{
			"name":"auto update",
			"codename":"auto update",
			"content_type":2
		}
		
	}
	,
	{
		"model":"auth.Permission",
		"pk":1022,
		"fields":{
			"name":"ben view in geo",
			"codename":"ben view in geo",
			"content_type":2
		}
		
	}
	,
	{
		"model":"auth.Permission",
		"pk":1023,
		"fields":{
			"name":"vw frm h sensitive area",
			"codename":"vw frm h sensitive area",
			"content_type":2
		}
		
	}
	,
	{
		"model":"auth.Permission",
		"pk":1024,
		"fields":{
			"name":"vw frm h sensitive",
			"codename":"vw frm h sensitive",
			"content_type":2
		}
		
	}
	,
	{
		"model":"auth.Permission",
		"pk":1025,
		"fields":{
			"name":"vw frm h sense all in org",
			"codename":"vw frm h sense all in org",
			"content_type":2
		}
		
	}
	,
	{
		"model":"auth.Permission",
		"pk":1026,
		"fields":{
			"name":"edit frm l sense all in org",
			"codename":"edit frm l sense all in org",
			"content_type":2
		}
		
	}
	,
	{
		"model":"auth.Permission",
		"pk":1027,
		"fields":{
			"name":"edit frm h sense all in org",
			"codename":"edit frm h sense all in org",
			"content_type":2
		}
		
	}
	,
	{
		"model":"auth.Permission",
		"pk":1028,
		"fields":{
			"name":"dq rpt by org",
			"codename":"dq rpt by org",
			"content_type":2
		}
		
	}
	,
	{
		"model":"auth.Permission",
		"pk":1029,
		"fields":{
			"name":"log in capture site",
			"codename":"log in capture site",
			"content_type":2
		}
		
	}
	,
	{
		"model":"auth.Permission",
		"pk":1030,
		"fields":{
			"name":"add doc library",
			"codename":"add doc library",
			"content_type":2
		}
		
	}
	,
	{
		"model":"auth.Permission",
		"pk":1031,
		"fields":{
			"name":"assign role org spec",
			"codename":"assign role org spec",
			"content_type":2
		}
		
	}
	,
	{
		"model":"auth.Permission",
		"pk":1032,
		"fields":{
			"name":"assign role non org spec",
			"codename":"assign role non org spec",
			"content_type":2
		}
		
	}
	,
	{
		"model":"auth.Permission",
		"pk":1033,
		"fields":{
			"name":"role management",
			"codename":"role management",
			"content_type":2
		}
		
	}
	,
	{
		"model":"auth.Permission",
		"pk":1034,
		"fields":{
			"name":"manage config list",
			"codename":"manage config list",
			"content_type":2
		}
		
	}
	,
	{
		"model":"auth.Permission",
		"pk":1035,
		"fields":{
			"name":"manage geo list",
			"codename":"manage geo list",
			"content_type":2
		}
		
	}
	,
	{
		"model":"auth.Permission",
		"pk":1036,
		"fields":{
			"name":"reg ben",
			"codename":"reg ben",
			"content_type":2
		}
		
	}
	,
	{
		"model":"auth.Permission",
		"pk":1037,
		"fields":{
			"name":"update wkf contact own",
			"codename":"update wkf contact own",
			"content_type":2
		}
		
	}
	,
	{
		"model":"auth.Permission",
		"pk":1038,
		"fields":{
			"name":"org lookup",
			"codename":"org lookup",
			"content_type":2
		}
		
	}
	,
	{
		"model":"auth.Permission",
		"pk":1039,
		"fields":{
			"name":"org view",
			"codename":"org view",
			"content_type":2
		}
		
	}
	,
	{
		"model":"auth.Permission",
		"pk":1040,
		"fields":{
			"name":"wkf lookup",
			"codename":"wkf lookup",
			"content_type":2
		}
		
	}
	,
	{
		"model":"auth.Permission",
		"pk":1041,
		"fields":{
			"name":"wkf view",
			"codename":"wkf view",
			"content_type":2
		}
		
	}
	,
	{
		"model":"auth.Permission",
		"pk":1042,
		"fields":{
			"name":"edit frm sensitive",
			"codename":"edit frm sensitive",
			"content_type":2
		}
		
	}
	,
	{
		"model":"auth.Permission",
		"pk":1043,
		"fields":{
			"name":"edit frm low sensitive",
			"codename":"edit frm low sensitive",
			"content_type":2
		}
		
	}
	,
	{
		"model":"auth.Permission",
		"pk":1044,
		"fields":{
			"name":"vw frm low sensitive",
			"codename":"vw frm low sensitive",
			"content_type":2
		}
		
	}
	,
	{
		"model":"auth.Permission",
		"pk":1045,
		"fields":{
			"name":"vw frm sensitive own",
			"codename":"vw frm sensitive own",
			"content_type":2
		}
		
	}
	,
	{
		"model":"auth.Permission",
		"pk":1046,
		"fields":{
			"name":"edit frm low sensitive own",
			"codename":"edit frm low sensitive own",
			"content_type":2
		}
		
	}
	,
	{
		"model":"auth.Permission",
		"pk":1047,
		"fields":{
			"name":"edit form sensitive own",
			"codename":"edit form sensitive own",
			"content_type":2
		}
		
	}
	,
	{
		"model":"auth.Permission",
		"pk":1048,
		"fields":{
			"name":"update ben general",
			"codename":"update ben general",
			"content_type":2
		}
		
	}
	,
	{
		"model":"auth.Permission",
		"pk":1049,
		"fields":{
			"name":"update ben contact",
			"codename":"update ben contact",
			"content_type":2
		}
		
	}
	,
	{
		"model":"ovc_auth.OVCPermission",
		"pk":1001,
		"fields":{
			"permission_id":1,
			"permission_description":"Register organisational unit - related org units",
			"permission_set":"Organisational unit registry",
			"permission_type":"create",
			"restricted_to_org_unit":"True"
		}
		
	}
	,
	{
		"model":"ovc_auth.OVCPermission",
		"pk":1002,
		"fields":{
			"permission_id":2,
			"permission_description":"File update org units - contact fields - related org units",
			"permission_set":"Organisational unit registry",
			"permission_type":"update",
			"restricted_to_org_unit":"True"
		}
		
	}
	,
	{
		"model":"ovc_auth.OVCPermission",
		"pk":1003,
		"fields":{
			"permission_id":3,
			"permission_description":"File update org units - general fields - related org units",
			"permission_set":"Organisational unit registry",
			"permission_type":"update",
			"restricted_to_org_unit":"True"
		}
		
	}
	,
	{
		"model":"ovc_auth.OVCPermission",
		"pk":1004,
		"fields":{
			"permission_id":4,
			"permission_description":"Register workforce members/users - related workforce members/users",
			"permission_set":"Workforce/user registry",
			"permission_type":"create",
			"restricted_to_org_unit":"True"
		}
		
	}
	,
	{
		"model":"ovc_auth.OVCPermission",
		"pk":1005,
		"fields":{
			"permission_id":5,
			"permission_description":"File update workforce members/users - contact fields - related workforce members/users",
			"permission_set":"Workforce/user registry",
			"permission_type":"update",
			"restricted_to_org_unit":"True"
		}
		
	}
	,
	{
		"model":"ovc_auth.OVCPermission",
		"pk":1006,
		"fields":{
			"permission_id":6,
			"permission_description":"File update workforce members/users - general fields - related workforce members/users",
			"permission_set":"Workforce/user registry",
			"permission_type":"update",
			"restricted_to_org_unit":"True"
		}
		
	}
	,
	{
		"model":"ovc_auth.OVCPermission",
		"pk":1007,
		"fields":{
			"permission_id":7,
			"permission_description":"Beneficiary - view file - beneficiaries ever served by org unit",
			"permission_set":"Beneficiary registry",
			"permission_type":"view",
			"restricted_to_org_unit":"True"
		}
		
	}
	,
	{
		"model":"ovc_auth.OVCPermission",
		"pk":1008,
		"fields":{
			"permission_id":8,
			"permission_description":"File update beneficiary - contact fields - beneficiaries ever served by org unit",
			"permission_set":"Beneficiary registry",
			"permission_type":"update",
			"restricted_to_org_unit":"True"
		}
		
	}
	,
	{
		"model":"ovc_auth.OVCPermission",
		"pk":1009,
		"fields":{
			"permission_id":9,
			"permission_description":"File update beneficiary - general fields - beneficiaries ever served by org unit",
			"permission_set":"Beneficiary registry",
			"permission_type":"update",
			"restricted_to_org_unit":"True"
		}
		
	}
	,
	{
		"model":"ovc_auth.OVCPermission",
		"pk":1010,
		"fields":{
			"permission_id":10,
			"permission_description":"Assignment of roles  to workforce members/users - org unit specific roles - related workforce members/users",
			"permission_set":"Access",
			"restricted_to_org_unit":"True"
		}
		
	}
	,
	{
		"model":"ovc_auth.OVCPermission",
		"pk":1011,
		"fields":{
			"permission_id":11,
			"permission_description":"Beneficiary lookup - searches using basic biodata and returning ben ID with basic bio data (but not full file)",
			"permission_set":"Beneficiary registry",
			"permission_type":"lookup"
		}
		
	}
	,
	{
		"model":"ovc_auth.OVCPermission",
		"pk":1012,
		"fields":{
			"permission_id":12,
			"permission_description":"File update org units - contact fields",
			"permission_set":"Organisational unit registry",
			"permission_type":"update"
		}
		
	}
	,
	{
		"model":"ovc_auth.OVCPermission",
		"pk":1013,
		"fields":{
			"permission_id":13,
			"permission_description":"File update org units - general fields",
			"permission_set":"Organisational unit registry",
			"permission_type":"update"
		}
		
	}
	,
	{
		"model":"ovc_auth.OVCPermission",
		"pk":1014,
		"fields":{
			"permission_id":14,
			"permission_description":"File update org units - special fields",
			"permission_set":"Organisational unit registry",
			"permission_type":"update"
		}
		
	}
	,
	{
		"model":"ovc_auth.OVCPermission",
		"pk":1015,
		"fields":{
			"permission_id":15,
			"permission_description":"File update workforce members/users - contact fields",
			"permission_set":"Workforce/user registry",
			"permission_type":"update"
		}
		
	}
	,
	{
		"model":"ovc_auth.OVCPermission",
		"pk":1016,
		"fields":{
			"permission_id":16,
			"permission_description":"File update workforce members/users - general fields",
			"permission_set":"Workforce/user registry",
			"permission_type":"update"
		}
		
	}
	,
	{
		"model":"ovc_auth.OVCPermission",
		"pk":1017,
		"fields":{
			"permission_id":17,
			"permission_description":"File update workforce members/users - special fields",
			"permission_set":"Workforce/user registry",
			"permission_type":"update"
		}
		
	}
	,
	{
		"model":"ovc_auth.OVCPermission",
		"pk":1018,
		"fields":{
			"permission_id":18,
			"permission_description":"Beneficiary - view file",
			"permission_set":"Beneficiary registry",
			"permission_type":"view"
		}
		
	}
	,
	{
		"model":"ovc_auth.OVCPermission",
		"pk":1019,
		"fields":{
			"permission_id":19,
			"permission_description":"File update beneficiaries - special fields",
			"permission_set":"Beneficiary registry",
			"permission_type":"update"
		}
		
	}
	,
	{
		"model":"ovc_auth.OVCPermission",
		"pk":1020,
		"fields":{
			"permission_id":20,
			"permission_description":"De-duplication/merge tool",
			"permission_set":"General registry"
		}
		
	}
	,
	{
		"model":"ovc_auth.OVCPermission",
		"pk":1021,
		"fields":{
			"permission_id":21,
			"permission_description":"Mass update tool",
			"permission_set":"General registry"
		}
		
	}
	,
	{
		"model":"ovc_auth.OVCPermission",
		"pk":1022,
		"fields":{
			"permission_id":22,
			"permission_description":"Beneficiary - view file - beneficiaries in area",
			"permission_set":"Beneficiary registry",
			"permission_type":"view",
			"restricted_to_geo":"True"
		}
		
	}
	,
	{
		"model":"ovc_auth.OVCPermission",
		"pk":1023,
		"fields":{
			"permission_id":23,
			"permission_description":"View form - high sensitivity - related to area",
			"permission_set":"Forms",
			"permission_type":"view",
			"restricted_to_geo":"True"
		}
		
	}
	,
	{
		"model":"ovc_auth.OVCPermission",
		"pk":1024,
		"fields":{
			"permission_id":24,
			"permission_description":"View form - high sensitivity",
			"permission_set":"Forms",
			"permission_type":"view"
		}
		
	}
	,
	{
		"model":"ovc_auth.OVCPermission",
		"pk":1025,
		"fields":{
			"permission_id":25,
			"permission_description":"View form - high sensitivity - uploaded by anyone in org unit",
			"permission_set":"Forms",
			"permission_type":"view",
			"restricted_to_org_unit":"True"
		}
		
	}
	,
	{
		"model":"ovc_auth.OVCPermission",
		"pk":1026,
		"fields":{
			"permission_id":26,
			"permission_description":"Edit form - low sensitivity - uploaded by anyone in org unit",
			"permission_set":"Forms",
			"permission_type":"update",
			"restricted_to_org_unit":"True"
		}
		
	}
	,
	{
		"model":"ovc_auth.OVCPermission",
		"pk":1027,
		"fields":{
			"permission_id":27,
			"permission_description":"Edit form - high sensitivity - uploaded by anyone in org unit",
			"permission_set":"Forms",
			"permission_type":"update",
			"restricted_to_org_unit":"True"
		}
		
	}
	,
	{
		"model":"ovc_auth.OVCPermission",
		"pk":1028,
		"fields":{
			"permission_id":28,
			"permission_description":"Run data quality reports - on forms submitted by the organizational unit",
			"permission_set":"Outputs",
			"restricted_to_org_unit":"True"
		}
		
	}
	,
	{
		"model":"ovc_auth.OVCPermission",
		"pk":1029,
		"fields":{
			"permission_id":29,
			"permission_description":"log in to capture site application",
			"permission_set":"Security",
			"restricted_to_org_unit":"True"
		}
		
	}
	,
	{
		"model":"ovc_auth.OVCPermission",
		"pk":1030,
		"fields":{
			"permission_id":30,
			"permission_description":"Upload documents to the online library",
			"permission_set":"Library",
			"restricted_to_org_unit":"True"
		}
		
	}
	,
	{
		"model":"ovc_auth.OVCPermission",
		"pk":1031,
		"fields":{
			"permission_id":31,
			"permission_description":"Assignment of roles  to workforce members/users - org-unit-specific roles",
			"permission_set":"Access"
		}
		
	}
	,
	{
		"model":"ovc_auth.OVCPermission",
		"pk":1032,
		"fields":{
			"permission_id":32,
			"permission_description":"Assignment of roles  to workforce members/users - non-org-unit-specific roles",
			"permission_set":"Access"
		}
		
	}
	,
	{
		"model":"ovc_auth.OVCPermission",
		"pk":1033,
		"fields":{
			"permission_id":33,
			"permission_description":"Management of roles and assignment of permissions to roles",
			"permission_set":"Access"
		}
		
	}
	,
	{
		"model":"ovc_auth.OVCPermission",
		"pk":1034,
		"fields":{
			"permission_id":34,
			"permission_description":"Manage configurable lists",
			"permission_set":"Config"
		}
		
	}
	,
	{
		"model":"ovc_auth.OVCPermission",
		"pk":1035,
		"fields":{
			"permission_id":35,
			"permission_description":"Manage geographic area lists",
			"permission_set":"Config"
		}
		
	}
	,
	{
		"model":"ovc_auth.OVCPermission",
		"pk":1036,
		"fields":{
			"permission_id":36,
			"permission_description":"Register beneficiary",
			"permission_set":"Beneficiary registry",
			"permission_type":"create"
		}
		
	}
	,
	{
		"model":"ovc_auth.OVCPermission",
		"pk":1037,
		"fields":{
			"permission_id":37,
			"permission_description":"File update workforce member/user - contact fields - own record",
			"permission_set":"Workforce/user registry",
			"permission_type":"update",
			"restricted_to_self":"True"
		}
		
	}
	,
	{
		"model":"ovc_auth.OVCPermission",
		"pk":1038,
		"fields":{
			"permission_id":38,
			"permission_description":"Org unit lookup",
			"permission_set":"Organisational unit registry",
			"permission_type":"lookup"
		}
		
	}
	,
	{
		"model":"ovc_auth.OVCPermission",
		"pk":1039,
		"fields":{
			"permission_id":39,
			"permission_description":"Org unit - view file",
			"permission_set":"Organisational unit registry",
			"permission_type":"view"
		}
		
	}
	,
	{
		"model":"ovc_auth.OVCPermission",
		"pk":1040,
		"fields":{
			"permission_id":40,
			"permission_description":"Workforce member/user lookup",
			"permission_set":"Workforce/user registry",
			"permission_type":"lookup"
		}
		
	}
	,
	{
		"model":"ovc_auth.OVCPermission",
		"pk":1041,
		"fields":{
			"permission_id":41,
			"permission_description":"Workforce member/user - view file",
			"permission_set":"Workforce/user registry",
			"permission_type":"view"
		}
		
	}
	,
	{
		"model":"ovc_auth.OVCPermission",
		"pk":1042,
		"fields":{
			"permission_id":42,
			"permission_description":"Enter form - high sensitivity",
			"permission_set":"Forms",
			"permission_type":"create"
		}
		
	}
	,
	{
		"model":"ovc_auth.OVCPermission",
		"pk":1043,
		"fields":{
			"permission_id":43,
			"permission_description":"Enter form - low sensitivity",
			"permission_set":"Forms",
			"permission_type":"create"
		}
		
	}
	,
	{
		"model":"ovc_auth.OVCPermission",
		"pk":1044,
		"fields":{
			"permission_id":44,
			"permission_description":"View form - low sensitivity ",
			"permission_set":"Forms",
			"permission_type":"view"
		}
		
	}
	,
	{
		"model":"ovc_auth.OVCPermission",
		"pk":1045,
		"fields":{
			"permission_id":45,
			"permission_description":"View form - high sensitivity - uploaded by self",
			"permission_set":"Forms",
			"permission_type":"view",
			"restricted_to_self":"True"
		}
		
	}
	,
	{
		"model":"ovc_auth.OVCPermission",
		"pk":1046,
		"fields":{
			"permission_id":46,
			"permission_description":"Edit form - low sensitivity - uploaded by self",
			"permission_set":"Forms",
			"permission_type":"update",
			"restricted_to_self":"True"
		}
		
	}
	,
	{
		"model":"ovc_auth.OVCPermission",
		"pk":1047,
		"fields":{
			"permission_id":47,
			"permission_description":"Edit form - high sensitivity - uploaded by self",
			"permission_set":"Forms",
			"permission_type":"update",
			"restricted_to_self":"True"
		}
		
	}
	,
	{
		"model":"ovc_auth.OVCPermission",
		"pk":1048,
		"fields":{
			"permission_id":48,
			"permission_description":"File update beneficiaries - general fields",
			"permission_set":"Beneficiary registry",
			"permission_type":"update"
		}
		
	}
	,
	{
		"model":"ovc_auth.OVCPermission",
		"pk":1049,
		"fields":{
			"permission_id":49,
			"permission_description":"File update beneficiaries - contact fields",
			"permission_set":"Beneficiary registry",
			"permission_type":"update"
		}
		
	}
	,
	{
		"model":"auth.Group",
		"pk":1,
		"fields":{
			"name":"Access manager",
			"permissions":[
				1031,
				1032,
				1033
			]
			
		}
		
	}
	,
	{
		"model":"auth.Group",
		"pk":10,
		"fields":{
			"name":"Area social welfare",
			"permissions":[
				1011,
				1022,
				1023
			]
			
		}
		
	}
	,
	{
		"model":"auth.Group",
		"pk":11,
		"fields":{
			"name":"National social welfare",
			"permissions":[
				1011,
				1018,
				1024
			]
			
		}
		
	}
	,
	{
		"model":"auth.Group",
		"pk":2,
		"fields":{
			"name":"Capture site data entry",
			"permissions":[
				1029
			]
			
		}
		
	}
	,
	{
		"model":"auth.Group",
		"pk":3,
		"fields":{
			"name":"Data supervisor",
			"permissions":[
				1025,
				1026,
				1027,
				1028
			]
			
		}
		
	}
	,
	{
		"model":"auth.Group",
		"pk":4,
		"fields":{
			"name":"Document upload",
			"permissions":[
				1030
			]
			
		}
		
	}
	,
	{
		"model":"auth.Group",
		"pk":5,
		"fields":{
			"name":"Public (not logged in)",
			"permissions":[
				1038,
				1039
			]
			
		}
		
	}
	,
	{
		"model":"auth.Group",
		"pk":6,
		"fields":{
			"name":"Registry manager",
			"permissions":[
				1011,
				1012,
				1013,
				1014,
				1015,
				1016,
				1017,
				1018,
				1019,
				1020,
				1021,
				1048,
				1049
			]
			
		}
		
	}
	,
	{
		"model":"auth.Group",
		"pk":7,
		"fields":{
			"name":"Registration assistant",
			"permissions":[
				1001,
				1002,
				1003,
				1004,
				1005,
				1006,
				1007,
				1008,
				1009,
				1010,
				1011
			]
			
		}
		
	}
	,
	{
		"model":"auth.Group",
		"pk":8,
		"fields":{
			"name":"System configuration",
			"permissions":[
				1034,
				1035
			]
			
		}
		
	}
	,
	{
		"model":"auth.Group",
		"pk":9,
		"fields":{
			"name":"Standard logged in",
			"permissions":[
				1036,
				1037,
				1038,
				1039,
				1040,
				1041,
				1042,
				1043,
				1044,
				1045,
				1046,
				1047
			]
			
		}
		
	}
	,
	{
		"model":"ovc_auth.OVCRole",
		"pk":1,
		"fields":{
			"group_id":"ACM",
			"group_name":"Access manager",
			"group_description":"This role allows allocation of roles (both restricted and non-restricted roles) to any user"
		}
		
	}
	,
	{
		"model":"ovc_auth.OVCRole",
		"pk":10,
		"fields":{
			"group_id":"SWA",
			"group_name":"Area social welfare",
			"group_description":"This role allows viewing of sensitive individual beneficiary registry records and forms data throughout a district",
			"restricted_to_geo":"True"
		}
		
	}
	,
	{
		"model":"ovc_auth.OVCRole",
		"pk":11,
		"fields":{
			"group_id":"SWM",
			"group_name":"National social welfare",
			"group_description":"This role allows viewing of sensitive individual beneficiary registry records and forms data throughout the entire country"
		}
		
	}
	,
	{
		"model":"ovc_auth.OVCRole",
		"pk":2,
		"fields":{
			"group_id":"DEC",
			"group_name":"Capture site data entry",
			"group_description":"This role allows log in to any capture site application linked to the organisational unit",
			"restricted_to_org_unit":"True"
		}
		
	}
	,
	{
		"model":"ovc_auth.OVCRole",
		"pk":3,
		"fields":{
			"group_id":"DSU",
			"group_name":"Data supervisor",
			"group_description":"This role allows viewing and editing of forms (including sensitive forms) submitted by workforce members/users within an organisational unit",
			"restricted_to_org_unit":"True"
		}
		
	}
	,
	{
		"model":"ovc_auth.OVCRole",
		"pk":4,
		"fields":{
			"group_id":"DUU",
			"group_name":"Document upload",
			"group_description":"This role allows upload of documents on behalf of the organisational unit",
			"restricted_to_org_unit":"True"
		}
		
	}
	,
	{
		"model":"ovc_auth.OVCRole",
		"pk":5,
		"fields":{
			"group_id":"PUB",
			"group_name":"Public (not logged in)",
			"group_description":"Public (not logged in)",
			"automatic":"True"
		}
		
	}
	,
	{
		"model":"ovc_auth.OVCRole",
		"pk":6,
		"fields":{
			"group_id":"RGM",
			"group_name":"Registry manager",
			"group_description":"This role allows high level administration, de-duplication and corrections to the national registries (org units, workforce/users and beneficiaries)"
		}
		
	}
	,
	{
		"model":"ovc_auth.OVCRole",
		"pk":7,
		"fields":{
			"group_id":"RGU",
			"group_name":"Registration assistant",
			"group_description":"This role allows registration of workforce members, users and sub-units under the organisaitonal unit",
			"restricted_to_org_unit":"True"
		}
		
	}
	,
	{
		"model":"ovc_auth.OVCRole",
		"pk":8,
		"fields":{
			"group_id":"SCM",
			"group_name":"System configuration",
			"group_description":"This role allows managing the content of configurable drop down lists in the system, and maintaining system geographic data"
		}
		
	}
	,
	{
		"model":"ovc_auth.OVCRole",
		"pk":9,
		"fields":{
			"group_id":"STD",
			"group_name":"Standard logged in",
			"group_description":"This role is allocated by default to all logged in users / workforce members",
			"automatic":"True"
		}
		
	}
]